date,id,prec,tair,tw,tmax,tmin,urmax,patm,pnmm,wd,wsmax,n,cc,evap,ur,ws,request_status
2019-01-01T00:00:00Z,83781,-9999,23.4,20.3,31.8,-9999,75,923.1,1010.6,9,3.6,-9999,4,4.2,79.25,2.3,Success: (200) OK
2019-01-01T12:00:00Z,83781,0,26.3,21.8,-9999,18.7,66,926.4,1014.1,9,1.6,-9999,8,-9999,-9999,-9999,Success: (200) OK
2019-01-01T18:00:00Z,83781,-9999,28.7,23.7,-9999,-9999,65,924.2,1011.7,23,2.8,-9999,10,-9999,-9999,-9999,Success: (200) OK
2019-01-02T00:00:00Z,83781,-9999,22.8,22,32,-9999,93,926.3,1014.1,9,2.5,-9999,10,3.7,71.75,2.566667,Success: (200) OK
2019-01-02T12:00:00Z,83781,6.7,25.5,21.5,-9999,21,69,927.3,1015.3,14,1.6,-9999,8,-9999,-9999,-9999,Success: (200) OK
2019-01-02T18:00:00Z,83781,-9999,31.3,23.7,-9999,-9999,52,924.5,1011.5,5,4.1,-9999,7,-9999,-9999,-9999,Success: (200) OK
2019-01-03T00:00:00Z,83781,-9999,25.4,23.3,33.3,-9999,83,925,1012.5,14,2,-9999,0,6.3,69.75,3.066667,Success: (200) OK
2019-01-03T12:00:00Z,83781,0,27,22.3,-9999,20.6,66,924.6,1012,36,3.3,-9999,7,-9999,-9999,-9999,Success: (200) OK
2019-01-03T18:00:00Z,83781,-9999,32.4,22.8,-9999,-9999,43,922.3,1008.8,36,2.3,-9999,8,-9999,-9999,-9999,Success: (200) OK
2019-01-04T00:00:00Z,83781,-9999,21.7,20.9,29.4,-9999,85,924.5,1012,27,3.6,-9999,10,6.5,86.75,1.266667,Success: (200) OK
2019-01-04T12:00:00Z,83781,37.8,24.7,21.3,-9999,20.7,73,925.5,1013.4,27,1.3,-9999,10,-9999,-9999,-9999,Success: (200) OK
2019-01-04T18:00:00Z,83781,-9999,22.6,21.9,-9999,-9999,94,927.7,1010.8,0,0,-9999,10,-9999,-9999,-9999,Success: (200) OK
2019-01-05T00:00:00Z,83781,-9999,22.4,21.2,24.7,-9999,90,925.2,1013.1,36,2.5,-9999,10,2,83.75,1.633333,Success: (200) OK
2019-01-05T12:00:00Z,83781,25.6,21,19.8,-9999,20.3,89,926.1,1014.5,14,3.3,-9999,10,-9999,-9999,-9999,Success: (200) OK
2019-01-05T18:00:00Z,83781,-9999,24,21.3,-9999,-9999,78,924.2,1012.1,14,1.6,-9999,10,-9999,-9999,-9999,Success: (200) OK
2019-01-06T00:00:00Z,83781,-9999,23,21,29.6,-9999,84,924.7,1012.9,0,0,-9999,10,3.7,80,2,Success: (200) OK
2019-01-06T12:00:00Z,83781,22.1,24.7,21.1,-9999,20.1,72,926.1,1014,27,1.6,-9999,7,-9999,-9999,-9999,Success: (200) OK
2019-01-06T18:00:00Z,83781,-9999,28.4,22.3,-9999,-9999,58,923.8,1011.3,32,2.8,-9999,8,-9999,-9999,-9999,Success: (200) OK
2019-01-07T00:00:00Z,83781,-9999,22.3,21.7,33.5,-9999,95,924.9,1012.8,9,1.6,-9999,8,3.3,57.75,2.166667,Success: (200) OK
2019-01-07T12:00:00Z,83781,15,26,22.7,-9999,20.6,75,925,1012.7,14,1.6,-9999,2,-9999,-9999,-9999,Success: (200) OK
2019-01-07T18:00:00Z,83781,-9999,32.1,21.9,-9999,-9999,40,924.1,1010.9,14,3.3,-9999,7,-9999,-9999,-9999,Success: (200) OK
2019-01-08T00:00:00Z,83781,-9999,28.3,22.3,33,-9999,58,924.4,1011.5,23,1.6,-9999,6,6.5,67.25,2.166667,Success: (200) OK
2019-01-08T12:00:00Z,83781,0,28.4,22,-9999,21.8,56,927.1,1014.2,27,1.6,-9999,8,-9999,-9999,-9999,Success: (200) OK
2019-01-08T18:00:00Z,83781,-9999,27.3,22.1,-9999,-9999,63,925,1012.2,9,3.3,-9999,10,-9999,-9999,-9999,Success: (200) OK
2019-01-09T00:00:00Z,83781,-9999,23.8,20.6,34.5,-9999,75,927.2,1014.8,14,1.6,-9999,5,6.2,65,1.6,Success: (200) OK
2019-01-09T12:00:00Z,83781,0.8,25.8,22.5,-9999,21.6,75,928.5,1014.4,14,1.6,-9999,7,-9999,-9999,-9999,Success: (200) OK
2019-01-09T18:00:00Z,83781,-9999,34,21,-9999,-9999,29,924.1,1010.9,14,1.6,-9999,4,-9999,-9999,-9999,Success: (200) OK
2019-01-10T00:00:00Z,83781,-9999,25.5,22.8,32.5,-9999,78,926.3,1012.1,14,1.6,-9999,10,4.5,56.25,2.4,Success: (200) OK
2019-01-10T12:00:00Z,83781,0,27.1,20.3,-9999,22.5,48,925.8,1013.2,5,1.6,-9999,4,-9999,-9999,-9999,Success: (200) OK
2019-01-10T18:00:00Z,83781,-9999,30.9,22.9,-9999,-9999,49,923.9,1010.9,36,3.3,-9999,7,-9999,-9999,-9999,Success: (200) OK
2019-01-11T00:00:00Z,83781,-9999,27,22,32.2,-9999,64,925.7,1013,18,2.3,-9999,10,8.1,71.75,2.733333,Success: (200) OK
2019-01-11T12:00:00Z,83781,0,26.6,21.5,-9999,20.3,62,927.6,1016.2,14,0.8,-9999,8,-9999,-9999,-9999,Success: (200) OK
2019-01-11T18:00:00Z,83781,-9999,21.2,19.7,-9999,-9999,87,926.3,1013.7,14,5.8,-9999,10,-9999,-9999,-9999,Success: (200) OK
2019-01-12T00:00:00Z,83781,-9999,23.1,19.3,30.8,-9999,69,926,1011.4,9,1.6,-9999,5,4.6,78,1.2,Success: (200) OK
2019-01-12T12:00:00Z,83781,25.4,24.2,21.8,-9999,19.8,81,928,1016.2,14,0.8,-9999,7,-9999,-9999,-9999,Success: (200) OK
2019-01-13T00:00:00Z,83781,-9999,24,21,31.5,-9999,76,925.6,1013.5,14,1.6,-9999,4,3.9,76,1.85,Success: (200) OK
2019-01-13T12:00:00Z,83781,0,25,21.5,-9999,21,73,927.3,1015.2,5,1.6,-9999,8,-9999,-9999,-9999,Success: (200) OK
2019-01-14T00:00:00Z,83781,-9999,23.6,20.7,32.5,-9999,77,926,1013.8,9,2.1,-9999,2,4.5,74,0,Success: (200) OK
2019-01-14T12:00:00Z,83781,0,25.5,22.1,-9999,21.6,73,926.7,1014.5,0,0,-9999,8,-9999,-9999,-9999,Success: (200) OK
2019-01-15T00:00:00Z,83781,-9999,25.2,21.8,31.8,-9999,74,925.7,1013.3,0,0,-9999,10,5.5,66,0.8,Success: (200) OK
2019-01-15T12:00:00Z,83781,0,24.5,20.6,-9999,22.7,70,926.1,1013.8,5,1.6,-9999,10,-9999,-9999,-9999,Success: (200) OK
2019-01-16T00:00:00Z,83781,-9999,27.9,22.8,31,-9999,64,924.7,1012.1,0,0,-9999,3,5.5,86,2.9,Success: (200) OK
2019-01-16T12:00:00Z,83781,8.8,24.7,21.9,-9999,20.2,78,927.9,1015.5,5,0.8,-9999,10,-9999,-9999,-9999,Success: (200) OK
2019-01-17T00:00:00Z,83781,-9999,21.2,20.1,33.7,-9999,90,926.9,1015.1,14,5,-9999,10,4.7,86,1.2,Success: (200) OK
2019-01-17T12:00:00Z,83781,3.2,24.4,20.5,-9999,19.6,70,926,1014.1,14,0.8,-9999,9,-9999,-9999,-9999,Success: (200) OK
2019-01-18T00:00:00Z,83781,-9999,22.8,22.1,32.8,-9999,94,926.6,1014.4,14,1.6,-9999,6,4.8,77,1.85,Success: (200) OK
2019-01-18T12:00:00Z,83781,10.2,26,22.7,-9999,19.5,73,926.4,1014.2,5,2.1,-9999,7,-9999,-9999,-9999,Success: (200) OK
2019-01-19T00:00:00Z,83781,-9999,24.4,21.8,33.4,-9999,79,925.8,1013.4,9,1.6,-9999,10,5,69,0.8,Success: (200) OK
2019-01-19T12:00:00Z,83781,0,26.2,21.7,-9999,22,67,924.6,1012.1,14,1.6,-9999,3,-9999,-9999,-9999,Success: (200) OK
2019-01-20T00:00:00Z,83781,-9999,25.2,21.3,32,-9999,70,923.5,1010.9,0,0,-9999,10,6.7,80,0.8,Success: (200) OK
2019-01-20T12:00:00Z,83781,1,26.2,22.1,-9999,22.1,69,925.3,1012.7,5,1.6,-9999,5,-9999,-9999,-9999,Success: (200) OK
2019-01-21T00:00:00Z,83781,-9999,24.4,22.5,33.9,-9999,85,925.7,1013.3,0,0,-9999,8,3.8,74,1.6,Success: (200) OK
2019-01-21T12:00:00Z,83781,0.6,27,23,-9999,21.8,71,925.4,1013.5,36,1.6,-9999,4,-9999,-9999,-9999,Success: (200) OK
2019-01-22T00:00:00Z,83781,-9999,27.3,24.1,31.5,-9999,76,926,1013.3,14,1.6,-9999,3,7.5,80,2.8,Success: (200) OK
2019-01-22T12:00:00Z,83781,0,27.5,23.9,-9999,21.4,73,927.9,1014.9,5,2,-9999,7,-9999,-9999,-9999,Success: (200) OK
2019-01-23T00:00:00Z,83781,-9999,24.7,22.5,32.2,-9999,83,927.1,1014.7,14,3.6,-9999,6,3,82,2.5,Success: (200) OK
2019-01-23T12:00:00Z,83781,22,25.2,22.5,-9999,21.3,80,928,1015.9,14,2.5,-9999,7,-9999,-9999,-9999,Success: (200) OK
2019-01-24T00:00:00Z,83781,-9999,24,21.9,30.5,-9999,83,926.6,1014.5,23,2.5,-9999,10,3.4,79,2.05,Success: (200) OK
2019-01-24T12:00:00Z,83781,6,25.8,21.8,-9999,18.6,69,926.4,1014.1,9,2.1,-9999,6,-9999,-9999,-9999,Success: (200) OK
2019-01-25T00:00:00Z,83781,-9999,22.3,20.3,27.4,-9999,84,926.1,1014,18,2,-9999,5,2,86,2.8,Success: (200) OK
2019-01-25T12:00:00Z,83781,44,24.2,21.5,-9999,18,79,926.3,1014.4,14,2.1,-9999,10,-9999,-9999,-9999,Success: (200) OK
2019-01-26T00:00:00Z,83781,-9999,18.4,17.3,28.7,-9999,89,926.7,1015.2,14,3.5,-9999,10,2.5,92,2.25,Success: (200) OK
2019-01-26T12:00:00Z,83781,23.5,19.5,18.9,-9999,16.5,94,927.7,1016.8,14,2.5,-9999,10,-9999,-9999,-9999,Success: (200) OK
2019-01-27T00:00:00Z,83781,-9999,20,19.1,31,-9999,91,925.4,1013.2,14,2,-9999,2,3.2,66,0.8,Success: (200) OK
2019-01-27T12:00:00Z,83781,0,24.2,20.3,-9999,19,68,927.7,1016.2,5,1.6,-9999,3,-9999,-9999,-9999,Success: (200) OK
2019-01-28T00:00:00Z,83781,-9999,26,21.1,34,-9999,64,927.8,1015.7,0,0,-9999,10,5.3,72,1.6,Success: (200) OK
2019-01-28T12:00:00Z,83781,0,26.5,21.8,-9999,21.3,65,929.8,1017.7,18,1.6,-9999,2,-9999,-9999,-9999,Success: (200) OK
2019-01-29T00:00:00Z,83781,-9999,27.2,23.8,32.7,-9999,75,927.8,1015.3,18,1.6,-9999,2,7.4,67,0.8,Success: (200) OK
2019-01-29T12:00:00Z,83781,0,28.1,22.5,-9999,22.7,60,929.6,1017.2,5,1.6,-9999,0,-9999,-9999,-9999,Success: (200) OK
2019-01-30T00:00:00Z,83781,-9999,25,21.1,35.1,-9999,70,929.9,1017.7,0,0,-9999,4,4.6,68,1.5,Success: (200) OK
2019-01-30T12:00:00Z,83781,1.2,26.2,21.8,-9999,18,67,927.1,1014.6,0,0,-9999,4,-9999,-9999,-9999,Success: (200) OK
2019-01-31T00:00:00Z,83781,-9999,22.4,18.5,34.4,-9999,68,925.8,1013.6,14,3,-9999,0,5.5,48.25,1.533333,Success: (200) OK
2019-01-31T12:00:00Z,83781,52,25.6,21.3,-9999,17.8,78,926.3,1013.9,0,0,-9999,0,-9999,-9999,-9999,Success: (200) OK
2019-01-31T18:00:00Z,83781,-9999,33.7,21.3,-9999,-9999,31,924.5,1013.8,14,2.5,-9999,7,-9999,-9999,-9999,Success: (200) OK
2019-02-01T00:00:00Z,83781,-9999,28.1,19.3,35.5,-9999,42,925.2,1012.4,5,2.1,-9999,0,10.2,54.75,1.866667,Success: (200) OK
2019-02-01T12:00:00Z,83781,0,27.9,20.4,-9999,21.7,49,926.1,1013.2,36,1.6,-9999,8,-9999,-9999,-9999,Success: (200) OK
2019-02-01T18:00:00Z,83781,-9999,34.9,20.4,-9999,-9999,24,924.1,1010.6,27,2,-9999,1,-9999,-9999,-9999,Success: (200) OK
2019-02-02T00:00:00Z,83781,-9999,26.6,23,35.9,-9999,73,925.4,1012.5,18,2,-9999,0,8.8,60.75,1.833333,Success: (200) OK
2019-02-02T12:00:00Z,83781,0,27,22.1,-9999,22.5,62,926.2,1013.6,36,2.3,-9999,2,-9999,-9999,-9999,Success: (200) OK
2019-02-02T18:00:00Z,83781,-9999,34.3,22.6,-9999,-9999,35,923,1009.5,9,1.6,-9999,7,-9999,-9999,-9999,Success: (200) OK
2019-02-03T00:00:00Z,83781,-9999,27.4,23.7,31.4,-9999,73,924.6,1011.8,9,1.6,-9999,2,8.2,73,2.633333,Success: (200) OK
2019-02-03T12:00:00Z,83781,0,26,22.4,-9999,22.8,73,926,1013.3,14,2.3,-9999,9,-9999,-9999,-9999,Success: (200) OK
2019-02-03T18:00:00Z,83781,-9999,29.4,23.9,-9999,-9999,61,924.3,1013.1,18,2.3,-9999,8,-9999,-9999,-9999,Success: (200) OK
2019-02-04T00:00:00Z,83781,-9999,23.9,21.2,24,-9999,79,925.4,1013,23,3.3,-9999,10,4.6,83,3.266667,Success: (200) OK
2019-02-04T12:00:00Z,83781,57,20.6,19.8,-9999,17.6,93,927.2,1015.8,14,2.3,-9999,10,-9999,-9999,-9999,Success: (200) OK
2019-02-04T18:00:00Z,83781,-9999,21.2,18.7,-9999,-9999,79,921.2,1009.2,14,5,-9999,10,-9999,-9999,-9999,Success: (200) OK
2019-02-05T00:00:00Z,83781,-9999,18.2,16.1,25.3,-9999,80,927.8,1016.8,14,2.5,-9999,10,1.9,80,3.166667,Success: (200) OK
2019-02-05T12:00:00Z,83781,3.8,20.2,18,-9999,17.1,80,927,1016,18,1.6,-9999,10,-9999,-9999,-9999,Success: (200) OK
2019-02-05T18:00:00Z,83781,-9999,23.1,20.1,-9999,-9999,76,925.4,1013.9,14,4.6,-9999,10,-9999,-9999,-9999,Success: (200) OK
2019-02-06T00:00:00Z,83781,-9999,19.4,17.4,19.5,-9999,82,926.3,1015,9,3.3,-9999,10,3.5,87.75,2,Success: (200) OK
2019-02-06T12:00:00Z,83781,9,17.2,16.7,-9999,17,94,924.8,1013.6,14,2.8,-9999,10,-9999,-9999,-9999,Success: (200) OK
2019-02-06T18:00:00Z,83781,-9999,18.2,17.5,-9999,-9999,93,924.8,1013.4,5,1.6,-9999,10,-9999,-9999,-9999,Success: (200) OK
2019-02-07T00:00:00Z,83781,-9999,19.5,17.5,27.7,-9999,82,924.7,1013.6,5,1.6,-9999,10,2.5,74.25,2.3,Success: (200) OK
2019-02-07T12:00:00Z,83781,41.2,19.7,17.6,-9999,17.1,81,924.3,1012.9,18,1.6,-9999,10,-9999,-9999,-9999,Success: (200) OK
2019-02-07T18:00:00Z,83781,-9999,27,20.3,-9999,-9999,54,922,1009.6,27,2.3,-9999,8,-9999,-9999,-9999,Success: (200) OK
2019-02-08T00:00:00Z,83781,-9999,21,18.8,30.4,-9999,81,923.4,1011.7,18,3,-9999,10,1.5,71.75,1.366667,Success: (200) OK
2019-02-08T12:00:00Z,83781,0,19.8,18.5,-9999,17.8,88,924.4,1012.8,0,0,-9999,10,-9999,-9999,-9999,Success: (200) OK
2019-02-08T18:00:00Z,83781,-9999,29.3,19.1,-9999,-9999,37,922,1009.3,14,1.6,-9999,8,-9999,-9999,-9999,Success: (200) OK
2019-02-09T00:00:00Z,83781,-9999,22.2,19.9,32.3,-9999,81,924.1,1012.3,13,2.5,0,0,4.5,54.5,2.8,Success: (200) OK
2019-02-09T12:00:00Z,83781,0,24.7,20.3,-9999,18.3,64,925.2,1013.1,23,2.6,-9999,0,-9999,-9999,-9999,Success: (200) OK
2019-02-09T18:00:00Z,83781,-9999,31.6,20,-9999,-9999,32,923.3,1010.3,23,2.5,-9999,5,-9999,-9999,-9999,Success: (200) OK
2019-02-10T00:00:00Z,83781,-9999,23.7,18.6,32.5,-9999,61,924.2,1011.9,18,3.3,-9999,0,5,62.25,2.4,Success: (200) OK
2019-02-10T12:00:00Z,83781,0,26.5,21.2,-9999,18.8,61,924.5,1012,9,1.3,-9999,6,-9999,-9999,-9999,Success: (200) OK
2019-02-10T18:00:00Z,83781,-9999,32.2,22.4,-9999,-9999,42,922,1008.8,32,3.3,-9999,8,-9999,-9999,-9999,Success: (200) OK
2019-02-11T00:00:00Z,83781,-9999,25.9,22.3,32.8,-9999,73,924,1011.1,9,2.6,-9999,0,6.5,57,1.9,Success: (200) OK
2019-02-11T12:00:00Z,83781,0,26,21.5,-9999,21.8,66,925.7,1013.2,14,1.6,-9999,7,-9999,-9999,-9999,Success: (200) OK
2019-02-11T18:00:00Z,83781,-9999,31.9,23.6,-9999,-9999,48,923.3,1009.9,23,2.5,-9999,8,-9999,-9999,-9999,Success: (200) OK
2019-02-12T00:00:00Z,83781,-9999,29.5,23.1,29.5,-9999,57,923.3,1010.1,14,1.6,-9999,2,7.1,81,3.1,Success: (200) OK
2019-02-12T12:00:00Z,83781,0,24.3,21.5,-9999,21.7,78,925.4,1012.6,27,2,-9999,10,-9999,-9999,-9999,Success: (200) OK
2019-02-12T18:00:00Z,83781,-9999,27.2,21.9,-9999,-9999,62,923.6,1010.8,27,3.3,-9999,10,-9999,-9999,-9999,Success: (200) OK
2019-02-13T00:00:00Z,83781,-9999,22,21.1,22.2,-9999,92,926.5,1014.4,23,4,-9999,10,4.3,84.5,2.533333,Success: (200) OK
2019-02-13T12:00:00Z,83781,6.8,20,18.5,-9999,18.8,87,916.4,1014.9,14,3,-9999,10,-9999,-9999,-9999,Success: (200) OK
2019-02-13T18:00:00Z,83781,-9999,20.4,19.5,-9999,-9999,91,926.4,1014.6,14,3,-9999,10,-9999,-9999,-9999,Success: (200) OK
2019-02-14T00:00:00Z,83781,-9999,19,16.8,24.2,-9999,80,927.7,1017.6,23,1.6,-9999,10,1.5,76.25,2.766667,Success: (200) OK
2019-02-14T12:00:00Z,83781,0.4,20.7,17.5,-9999,18.1,72,927.9,1016.8,9,2.5,-9999,10,-9999,-9999,-9999,Success: (200) OK
2019-02-14T18:00:00Z,83781,-9999,24,20.6,-9999,-9999,73,927,1011.5,9,2.5,-9999,10,-9999,-9999,-9999,Success: (200) OK
2019-02-15T00:00:00Z,83781,-9999,20.6,18.3,23.4,-9999,80,925.9,1014.5,18,3.3,-9999,10,3.1,92.75,2.9,Success: (200) OK
2019-02-15T12:00:00Z,83781,0,20,18.6,-9999,17.9,87,923.8,1012.2,9,1.6,-9999,10,-9999,-9999,-9999,Success: (200) OK
2019-02-15T18:00:00Z,83781,-9999,21,20.4,-9999,-9999,94,920.5,1008.6,5,3,-9999,10,-9999,-9999,-9999,Success: (200) OK
2019-02-16T00:00:00Z,83781,-9999,20,19.5,24.8,-9999,95,920.2,1008.3,14,4.1,-9999,10,0.5,92.75,2.2,Success: (200) OK
2019-02-16T12:00:00Z,83781,39.2,20,19.7,-9999,18.9,97,920.3,1008.4,14,2,-9999,10,-9999,-9999,-9999,Success: (200) OK
2019-02-16T18:00:00Z,83781,-9999,24.4,22.1,-9999,-9999,82,919.8,1007.2,23,2.1,-9999,10,-9999,-9999,-9999,Success: (200) OK
2019-02-17T00:00:00Z,83781,-9999,20.2,19.8,25.4,-9999,96,920.4,1008.5,23,2.5,-9999,10,0.7,87.5,1.666667,Success: (200) OK
2019-02-17T12:00:00Z,83781,44.2,20.8,20.1,-9999,19.4,94,920.8,1008.9,14,2,-9999,10,-9999,-9999,-9999,Success: (200) OK
2019-02-17T18:00:00Z,83781,-9999,23.2,20.8,-9999,-9999,78,921.8,1009.2,14,3,-9999,10,-9999,-9999,-9999,Success: (200) OK
2019-02-18T00:00:00Z,83781,-9999,21.5,20.3,30.2,-9999,89,922.5,1010.7,0,0,-9999,1,2.3,82,2.05,Success: (200) OK
2019-02-18T12:00:00Z,83781,2,23.5,20.7,-9999,19.7,78,927.5,1015.9,14,1.6,-9999,10,-9999,-9999,-9999,Success: (200) OK
2019-02-19T00:00:00Z,83781,-9999,24.2,22.1,31.2,-9999,84,924,1011.7,23,2.5,-9999,10,4.3,66,2.05,Success: (200) OK
2019-02-19T12:00:00Z,83781,0,24,20.9,-9999,20.9,75,925.2,1013,14,4.1,-9999,5,-9999,-9999,-9999,Success: (200) OK
2019-02-20T00:00:00Z,83781,-9999,26.5,21.3,29.4,-9999,62,921.7,1012.5,0,0,-9999,6,7.1,29,2.9,Success: (200) OK
2019-02-20T12:00:00Z,83781,0,25,21.5,-9999,21.5,73,926.8,1014.4,32,2.5,-9999,5,-9999,-9999,-9999,Success: (200) OK
2019-02-21T00:00:00Z,83781,-9999,22.5,20.3,28.6,-9999,81,924.2,1011.7,14,3.3,-9999,10,1.1,87,0,Success: (200) OK
2019-02-21T12:00:00Z,83781,10.6,23.2,21.3,-9999,20.2,84,926.3,1014.4,0,0,-9999,3,-9999,-9999,-9999,Success: (200) OK
2019-02-22T00:00:00Z,83781,-9999,20.8,19.8,29.6,-9999,91,926.4,1014.7,0,0,-9999,7,3.5,82,1.25,Success: (200) OK
2019-02-22T12:00:00Z,83781,13.2,23.5,21.5,-9999,20.3,85,928.1,1016.6,0,0,-9999,7,-9999,-9999,-9999,Success: (200) OK
2019-02-23T00:00:00Z,83781,-9999,22,20.1,31.6,-9999,80,927.1,1015.1,14,2.5,-9999,10,1.5,72,0,Success: (200) OK
2019-02-23T12:00:00Z,83781,9.8,25,22.1,-9999,19.6,75,925.6,1013.5,0,0,-9999,1,-9999,-9999,-9999,Success: (200) OK
2019-02-24T00:00:00Z,83781,-9999,24.8,21.1,32.5,-9999,71,923.9,1011.4,0,0,-9999,10,7.5,70,0.8,Success: (200) OK
2019-02-24T12:00:00Z,83781,0,27,22.8,-9999,22.1,69,924,1011.8,14,1.6,-9999,7,-9999,-9999,-9999,Success: (200) OK
2019-02-25T00:00:00Z,83781,-9999,25,21.1,31.6,-9999,70,923.5,1010.8,0,0,-9999,7,7.8,80,3.15,Success: (200) OK
2019-02-25T12:00:00Z,83781,3.6,25.4,20.7,-9999,19.3,65,923.5,1010.9,23,3,-9999,10,-9999,-9999,-9999,Success: (200) OK
2019-02-26T00:00:00Z,83781,-9999,20.8,19.8,27.6,-9999,88,922,1009.7,14,3.3,-9999,10,4.9,91,2.3,Success: (200) OK
2019-02-26T12:00:00Z,83781,47.8,19.5,19.3,-9999,18.3,98,925.3,1013.9,14,3,-9999,10,-9999,-9999,-9999,Success: (200) OK
2019-02-27T00:00:00Z,83781,-9999,20.8,19.3,27.8,-9999,87,925.1,1013.7,23,1.6,-9999,10,1.8,84,2.3,Success: (200) OK
2019-02-27T12:00:00Z,83781,17,21.8,19.1,-9999,18.2,75,924.8,1013.1,23,1.3,-9999,10,-9999,-9999,-9999,Success: (200) OK
2019-02-28T00:00:00Z,83781,-9999,22.5,21,22.7,-9999,88,924.5,1012.4,27,3.3,-9999,10,2.9,93.75,2.633333,Success: (200) OK
2019-02-28T12:00:00Z,83781,17.6,21.2,19.9,-9999,20.2,88,925.2,1013.3,14,1.3,-9999,10,-9999,-9999,-9999,Success: (200) OK
2019-02-28T18:00:00Z,83781,-9999,22,21.5,-9999,-9999,95,924.6,1012.2,14,3,-9999,10,-9999,-9999,-9999,Success: (200) OK
2019-03-01T00:00:00Z,83781,-9999,20.5,20.1,23.4,-9999,96,924.6,1012.5,23,3.6,-9999,10,0.8,88.25,1.6,Success: (200) OK
2019-03-01T12:00:00Z,83781,27.1,21.8,20.6,-9999,19.3,88,926.2,1014.7,27,1.6,-9999,10,-9999,-9999,-9999,Success: (200) OK
2019-03-01T18:00:00Z,83781,-9999,22.6,21.3,-9999,-9999,87,924.6,1012.6,27,1.6,-9999,10,-9999,-9999,-9999,Success: (200) OK
2019-03-02T00:00:00Z,83781,-9999,21.4,20.3,28,-9999,89,925.8,1014,27,1.6,-9999,10,4.2,85.25,1.366667,Success: (200) OK
2019-03-02T12:00:00Z,83781,2.4,21.5,20.3,-9999,19.6,89,927.6,1015.9,0,0,-9999,10,-9999,-9999,-9999,Success: (200) OK
2019-03-02T18:00:00Z,83781,-9999,25.8,21.7,-9999,-9999,68,924.3,1011.8,32,1.6,-9999,10,-9999,-9999,-9999,Success: (200) OK
2019-03-03T00:00:00Z,83781,-9999,19.8,19.1,29.5,-9999,92,926,1014.3,32,2.5,-9999,10,0.6,81.75,1.333333,Success: (200) OK
2019-03-03T12:00:00Z,83781,31,23.1,21,-9999,19.1,81,926.8,1015.3,36,1.1,-9999,9,-9999,-9999,-9999,Success: (200) OK
2019-03-03T18:00:00Z,83781,-9999,25.7,21.4,-9999,-9999,66,924.7,1012.8,14,1.3,-9999,10,-9999,-9999,-9999,Success: (200) OK
2019-03-04T00:00:00Z,83781,-9999,21.7,20.5,28.8,-9999,90,926.8,1014.9,9,1.6,-9999,10,1,72.5,1.933333,Success: (200) OK
2019-03-04T12:00:00Z,83781,5,22.5,20.1,-9999,19.6,80,927.9,1016.4,14,2.5,-9999,10,-9999,-9999,-9999,Success: (200) OK
2019-03-04T18:00:00Z,83781,-9999,28.3,21.7,-9999,-9999,54,926.2,1012.4,14,3.3,-9999,9,-9999,-9999,-9999,Success: (200) OK
2019-03-05T00:00:00Z,83781,-9999,22.2,19.8,31.2,-9999,78,927.9,1016.3,0,0,-9999,6,4.9,76.25,1.4,Success: (200) OK
2019-03-05T12:00:00Z,83781,0,24,20.3,-9999,20.1,71,929.4,1017.8,27,0.8,-9999,9,-9999,-9999,-9999,Success: (200) OK
2019-03-05T18:00:00Z,83781,-9999,30.1,22.3,-9999,-9999,50,925.8,1013.4,36,2.8,-9999,7,-9999,-9999,-9999,Success: (200) OK
2019-03-06T00:00:00Z,83781,-9999,21.6,20.7,31.4,-9999,92,927.9,1016.2,5,0.6,-9999,10,2.4,68.5,1.933333,Success: (200) OK
2019-03-06T12:00:00Z,83781,4,25.4,21.9,-9999,19.8,73,929.4,1017.7,9,1.6,-9999,3,-9999,-9999,-9999,Success: (200) OK
2019-03-06T18:00:00Z,83781,-9999,30.9,22.3,-9999,-9999,45,925.5,1012.8,36,2.6,-9999,8,-9999,-9999,-9999,Success: (200) OK
2019-03-07T00:00:00Z,83781,-9999,23.2,20.7,29.2,-9999,78,926.9,1014.8,14,1.6,-9999,10,4,85.25,3.3,Success: (200) OK
2019-03-07T12:00:00Z,83781,0.1,25,21.4,-9999,20.3,72,928.7,1016.6,32,1.6,-9999,8,-9999,-9999,-9999,Success: (200) OK
2019-03-07T18:00:00Z,83781,-9999,21,20.3,-9999,-9999,93,926.5,1014.7,32,5,-9999,10,-9999,-9999,-9999,Success: (200) OK
2019-03-08T00:00:00Z,83781,-9999,21.7,20.2,30,-9999,88,927.7,1015.9,36,3.3,-9999,10,2.6,63.25,2.366667,Success: (200) OK
2019-03-08T12:00:00Z,83781,19.4,24,20.5,-9999,20,72,927.9,1016.2,18,3.3,-9999,10,-9999,-9999,-9999,Success: (200) OK
2019-03-08T18:00:00Z,83781,-9999,29.7,22.7,-9999,-9999,53,925.8,1013.2,32,3,-9999,10,-9999,-9999,-9999,Success: (200) OK
2019-03-09T00:00:00Z,83781,-9999,27.3,22.3,33.5,-9999,64,925.5,1013.1,14,0.8,-9999,2,5.6,71.25,1.066667,Success: (200) OK
2019-03-09T12:00:00Z,83781,0,27.4,23.2,-9999,18.5,70,926.7,1014,0,0,-9999,6,-9999,-9999,-9999,Success: (200) OK
2019-03-09T18:00:00Z,83781,-9999,33,22.4,-9999,-9999,39,923.4,1019.3,32,1.6,-9999,6,-9999,-9999,-9999,Success: (200) OK
2019-03-10T00:00:00Z,83781,-9999,22.7,21.3,27.8,-9999,88,925.8,1013.5,32,1.6,-9999,10,4.4,86.25,3.2,Success: (200) OK
2019-03-10T12:00:00Z,83781,42,23,21.1,-9999,18.4,84,927.2,1015.4,14,1.6,-9999,8,-9999,-9999,-9999,Success: (200) OK
2019-03-10T18:00:00Z,83781,-9999,26,22.1,-9999,-9999,71,926.1,1013.4,14,5,-9999,8,-9999,-9999,-9999,Success: (200) OK
2019-03-11T00:00:00Z,83781,-9999,21.5,21,24.4,-9999,95,926.9,1016.1,23,3,-9999,10,2.5,85.25,2.066667,Success: (200) OK
2019-03-11T12:00:00Z,83781,37.2,21.8,19.7,-9999,18.7,81,928.2,1016.7,23,3,-9999,10,-9999,-9999,-9999,Success: (200) OK
2019-03-11T18:00:00Z,83781,-9999,23.4,20.7,-9999,-9999,78,927,1014.8,14,1.6,-9999,10,-9999,-9999,-9999,Success: (200) OK
2019-03-12T00:00:00Z,83781,-9999,21,20.1,30.7,-9999,91,927.8,1016.2,14,1.6,-9999,10,1.9,76.75,2.133333,Success: (200) OK
2019-03-12T12:00:00Z,83781,0,24,21,-9999,19.5,76,926.8,1015.1,14,2.3,-9999,6,-9999,-9999,-9999,Success: (200) OK
2019-03-12T18:00:00Z,83781,-9999,28.9,21.9,-9999,-9999,53,923.7,1011.1,27,2.5,-9999,8,-9999,-9999,-9999,Success: (200) OK
2019-03-13T00:00:00Z,83781,-9999,22,20.8,29.5,-9999,89,926.1,1014,9,1.6,-9999,10,3.3,69.25,2.9,Success: (200) OK
2019-03-13T12:00:00Z,83781,18.4,24,21.1,-9999,20.7,77,925.3,1013.3,14,2.5,-9999,10,-9999,-9999,-9999,Success: (200) OK
2019-03-13T18:00:00Z,83781,-9999,28.1,22.3,-9999,-9999,58,928.1,1015.2,23,4.6,-9999,10,-9999,-9999,-9999,Success: (200) OK
2019-03-14T00:00:00Z,83781,-9999,24.7,21.1,29.1,-9999,71,923.7,1011.3,14,1.6,-9999,6,5,78.75,2.733333,Success: (200) OK
2019-03-14T12:00:00Z,83781,0,23,21,-9999,20.5,84,924.8,1012.6,9,2.6,-9999,10,-9999,-9999,-9999,Success: (200) OK
2019-03-14T18:00:00Z,83781,-9999,29,22.4,-9999,-9999,55,922.8,1010,32,2.6,-9999,10,-9999,-9999,-9999,Success: (200) OK
2019-03-15T00:00:00Z,83781,-9999,21.2,19.8,29,-9999,88,925.3,1013.5,32,3,-9999,10,2.8,81.25,1.933333,Success: (200) OK
2019-03-15T12:00:00Z,83781,3.5,23,20.8,-9999,20.3,82,926.9,1015.4,0,0,-9999,10,-9999,-9999,-9999,Success: (200) OK
2019-03-15T18:00:00Z,83781,-9999,27,22.5,-9999,-9999,67,923.7,1010.7,14,3.3,-9999,10,-9999,-9999,-9999,Success: (200) OK
2019-03-16T00:00:00Z,83781,-9999,22.3,21,28.8,-9999,88,926,1014,14,2.5,-9999,10,3,78.25,2.2,Success: (200) OK
2019-03-16T12:00:00Z,83781,1.5,23.5,20.8,-9999,20.8,79,926,1013.9,14,1.6,-9999,10,-9999,-9999,-9999,Success: (200) OK
2019-03-16T18:00:00Z,83781,-9999,27.1,22.8,-9999,-9999,68,923.9,1009.5,23,2,-9999,10,-9999,-9999,-9999,Success: (200) OK
2019-03-17T00:00:00Z,83781,-9999,23.8,21.7,28.1,-9999,83,926.8,1014.7,14,3,-9999,10,3.2,89.25,1.633333,Success: (200) OK
2019-03-17T12:00:00Z,83781,0.6,23.4,21.2,-9999,21.1,82,925.5,1013.2,9,2.6,-9999,10,-9999,-9999,-9999,Success: (200) OK
2019-03-17T18:00:00Z,83781,-9999,22.8,21.8,-9999,-9999,91,922.4,1010,5,1.5,-9999,10,-9999,-9999,-9999,Success: (200) OK
2019-03-18T00:00:00Z,83781,-9999,22.3,21.5,30.3,-9999,92,924.9,1012.8,18,0.8,-9999,10,1.2,70.5,2.233333,Success: (200) OK
2019-03-18T12:00:00Z,83781,20.4,24,21.6,-9999,21.4,81,924.9,1012.2,14,1.8,-9999,8,-9999,-9999,-9999,Success: (200) OK
2019-03-18T18:00:00Z,83781,-9999,29.1,22.7,-9999,-9999,57,921.8,1008.6,23,3.3,-9999,8,-9999,-9999,-9999,Success: (200) OK
2019-03-19T00:00:00Z,83781,-9999,26.2,22.7,31.1,-9999,72,922.3,1009.5,14,1.6,-9999,5,4.8,80,2.633333,Success: (200) OK
2019-03-19T12:00:00Z,83781,0,24.2,21.8,-9999,22.1,80,922.1,1009.5,27,3.3,-9999,8,-9999,-9999,-9999,Success: (200) OK
2019-03-19T18:00:00Z,83781,-9999,29.9,22.5,-9999,-9999,52,919.9,1006.6,27,3.3,-9999,8,-9999,-9999,-9999,Success: (200) OK
2019-03-20T00:00:00Z,83781,-9999,22.4,21.7,26.9,-9999,94,922.7,1010.4,27,1.3,-9999,10,4.8,73.5,3.566667,Success: (200) OK
2019-03-20T12:00:00Z,83781,16,22.6,19.8,-9999,20.3,77,924.2,1012,27,2.5,-9999,10,-9999,-9999,-9999,Success: (200) OK
2019-03-20T18:00:00Z,83781,-9999,25.8,21.3,-9999,-9999,71,921.7,1008.8,14,4.1,-9999,10,-9999,-9999,-9999,Success: (200) OK
2019-03-21T00:00:00Z,83781,-9999,21.9,19.3,21.9,-9999,73,922.4,1010.1,27,4.1,-9999,10,1.9,92.25,4.1,Success: (200) OK
2019-03-21T12:00:00Z,83781,6,18.9,18.2,-9999,17,93,924.4,1012.8,18,3.3,-9999,10,-9999,-9999,-9999,Success: (200) OK
2019-03-21T18:00:00Z,83781,-9999,18.4,17.7,-9999,-9999,92,924.2,1012.8,18,4,-9999,10,-9999,-9999,-9999,Success: (200) OK
2019-03-22T00:00:00Z,83781,-9999,17,16.2,22.2,-9999,92,925.9,1015,23,5,-9999,10,3.4,82,3.6,Success: (200) OK
2019-03-22T12:00:00Z,83781,4.2,19.1,17.4,-9999,15.8,83,927.5,1016.8,9,5,-9999,10,-9999,-9999,-9999,Success: (200) OK
2019-03-22T18:00:00Z,83781,-9999,21,18.2,-9999,-9999,75,926.2,1015.2,14,3.3,-9999,10,-9999,-9999,-9999,Success: (200) OK
2019-03-23T00:00:00Z,83781,-9999,18.7,17.2,29,-9999,85,927.6,1016.7,9,2.5,-9999,10,1.4,71.5,1.9,Success: (200) OK
2019-03-23T12:00:00Z,83781,0,20.8,17.7,-9999,16.4,73,928,1015.1,14,1.6,-9999,0,-9999,-9999,-9999,Success: (200) OK
2019-03-23T18:00:00Z,83781,-9999,28.9,21.3,-9999,-9999,49,924.6,1012.4,14,1.6,-9999,7,-9999,-9999,-9999,Success: (200) OK
2019-03-24T00:00:00Z,83781,-9999,20.6,18.7,29.2,-9999,82,928.6,1017.2,27,2.5,-9999,10,4.2,74,2.233333,Success: (200) OK
2019-03-24T12:00:00Z,83781,0,23.3,19.7,-9999,20.1,72,929,1017.7,9,2.6,-9999,6,-9999,-9999,-9999,Success: (200) OK
2019-03-24T18:00:00Z,83781,-9999,27.1,21.8,-9999,-9999,62,924.9,1012.7,9,2.5,-9999,7,-9999,-9999,-9999,Success: (200) OK
2019-03-25T00:00:00Z,83781,-9999,21.9,19.6,31.4,-9999,81,926.3,1014.5,18,1.6,-9999,0,2.4,60,1.9,Success: (200) OK
2019-03-25T12:00:00Z,83781,0,22.4,20.1,-9999,18.6,80,926.3,1014.5,14,2.5,-9999,0,-9999,-9999,-9999,Success: (200) OK
2019-03-25T18:00:00Z,83781,-9999,30.4,20.8,-9999,-9999,40,924.2,1011.3,14,1.6,-9999,7,-9999,-9999,-9999,Success: (200) OK
2019-03-26T00:00:00Z,83781,-9999,26.2,20.9,30.1,-9999,60,925,1012.6,27,1.6,-9999,10,5.6,70.75,2.2,Success: (200) OK
2019-03-26T12:00:00Z,83781,0,23.4,18.6,-9999,18.9,64,927.5,1014.8,0,0,-9999,4,-9999,-9999,-9999,Success: (200) OK
2019-03-26T18:00:00Z,83781,-9999,28.2,22,-9999,-9999,57,925,1012.4,18,3.3,-9999,6,-9999,-9999,-9999,Success: (200) OK
2019-03-27T00:00:00Z,83781,-9999,22,19.7,29.2,-9999,81,927.7,1016.1,18,3.3,-9999,10,4.5,79.5,3.733333,Success: (200) OK
2019-03-27T12:00:00Z,83781,0,22.2,19,-9999,18.6,72,929.5,1018,18,3.3,-9999,5,-9999,-9999,-9999,Success: (200) OK
2019-03-27T18:00:00Z,83781,-9999,27.7,21.7,-9999,-9999,58,927.6,1015.2,18,3.3,-9999,3,-9999,-9999,-9999,Success: (200) OK
2019-03-28T00:00:00Z,83781,-9999,22.4,21.7,25.3,-9999,94,931.8,1020.5,14,4.6,-9999,8,6.5,81,3.033333,Success: (200) OK
2019-03-28T12:00:00Z,83781,0,21.1,19.1,-9999,19.5,82,931.3,1020.1,14,1.6,-9999,10,-9999,-9999,-9999,Success: (200) OK
2019-03-28T18:00:00Z,83781,-9999,22.3,19.8,-9999,-9999,78,929.9,1018.7,14,3.5,-9999,10,-9999,-9999,-9999,Success: (200) OK
2019-03-29T00:00:00Z,83781,-9999,19.8,18,25.8,-9999,82,932.2,1021.3,14,4,-9999,10,2.6,74.5,4.133333,Success: (200) OK
2019-03-29T12:00:00Z,83781,0.8,20.5,17.7,-9999,17.5,76,932.5,1021.6,14,3.3,-9999,10,-9999,-9999,-9999,Success: (200) OK
2019-03-29T18:00:00Z,83781,-9999,23.5,19.2,-9999,-9999,66,928.8,1017.6,18,4.1,-9999,10,-9999,-9999,-9999,Success: (200) OK
2019-03-30T00:00:00Z,83781,-9999,20.2,17.7,27.8,-9999,78,930.8,1019.9,18,5,-9999,10,3.4,67.25,2.133333,Success: (200) OK
2019-03-30T12:00:00Z,83781,0,20.6,17.5,-9999,17.3,72,932.2,1021.3,27,1.6,-9999,5,-9999,-9999,-9999,Success: (200) OK
2019-03-30T18:00:00Z,83781,-9999,27.7,20.3,-9999,-9999,49,927.1,1014.1,27,1.8,-9999,7,-9999,-9999,-9999,Success: (200) OK
2019-03-31T00:00:00Z,83781,-9999,21,18.1,28.3,-9999,74,928.5,1017.2,14,3,-9999,10,3.4,68,2.566667,Success: (200) OK
2019-03-31T12:00:00Z,83781,0,20.9,18,-9999,17.5,73,928.3,1017,5,4.1,-9999,8,-9999,-9999,-9999,Success: (200) OK
2019-03-31T18:00:00Z,83781,-9999,28,19.3,-9999,-9999,41,924.6,1012.5,9,1.3,-9999,8,-9999,-9999,-9999,Success: (200) OK
2019-04-01T00:00:00Z,83781,-9999,21.3,19,27.7,-9999,79,926.9,1015.5,18,2.3,-9999,10,3.6,70.25,3.866667,Success: (200) OK
2019-04-01T12:00:00Z,83781,0,22,18.7,-9999,18.7,72,927.4,1015.8,18,2.5,-9999,8,-9999,-9999,-9999,Success: (200) OK
2019-04-01T18:00:00Z,83781,-9999,27.3,20.5,-9999,-9999,53,924.5,1011.8,14,4.8,-9999,6,-9999,-9999,-9999,Success: (200) OK
2019-04-02T00:00:00Z,83781,-9999,20.2,17.7,29.1,-9999,78,926,1014.5,14,4.3,-9999,8,3.5,71,2.433333,Success: (200) OK
2019-04-02T12:00:00Z,83781,0,20.1,17.7,-9999,17.5,79,927.2,1016,9,3,-9999,6,-9999,-9999,-9999,Success: (200) OK
2019-04-02T18:00:00Z,83781,-9999,28.1,19.5,-9999,-9999,43,924.2,1012.9,27,2,-9999,6,-9999,-9999,-9999,Success: (200) OK
2019-04-03T00:00:00Z,83781,-9999,20.6,18.4,29.8,-9999,81,926,1014.6,18,2.3,-9999,10,3.5,58.75,0.9,Success: (200) OK
2019-04-03T12:00:00Z,83781,0,19.5,18.4,-9999,17.7,80,925.3,1013.9,14,1.1,-9999,10,-9999,-9999,-9999,Success: (200) OK
2019-04-03T18:00:00Z,83781,-9999,29.3,19.7,-9999,-9999,39,922.4,1009.8,14,1.6,-9999,2,-9999,-9999,-9999,Success: (200) OK
2019-04-04T00:00:00Z,83781,-9999,24.9,19.1,32,-9999,58,922.7,1010.7,0,0,6.3,0,4.5,57.5,1.266667,Success: (200) OK
2019-04-04T12:00:00Z,83781,0,22.3,18.8,-9999,18.3,71,923,1010.7,9,0,-9999,0,-9999,-9999,-9999,Success: (200) OK
2019-04-04T18:00:00Z,83781,-9999,31.6,20.9,-9999,-9999,37,920.4,1007.2,9,2.5,-9999,4,-9999,-9999,-9999,Success: (200) OK
2019-04-05T00:00:00Z,83781,-9999,27.1,21.7,31.4,-9999,61,922.2,1004.5,14,1.3,6.9,0,6.5,60.75,2.066667,Success: (200) OK
2019-04-05T12:00:00Z,83781,0,26.2,20.7,-9999,21.6,61,923.7,1008.7,14,1.8,-9999,5,-9999,-9999,-9999,Success: (200) OK
2019-04-05T18:00:00Z,83781,-9999,30.3,22.5,-9999,-9999,50,922.4,1016.4,14,3.6,-9999,10,-9999,-9999,-9999,Success: (200) OK
2019-04-06T00:00:00Z,83781,-9999,25.8,21.4,30.2,-9999,66,924.6,1010.1,14,0.8,2.7,5,6.5,67.75,1.066667,Success: (200) OK
2019-04-06T12:00:00Z,83781,0,24.2,22,-9999,22.7,76,926.8,1014.7,0,0,-9999,10,-9999,-9999,-9999,Success: (200) OK
2019-04-06T18:00:00Z,83781,-9999,24.2,22.7,-9999,-9999,57,924.6,1013.5,14,1.6,-9999,10,-9999,-9999,-9999,Success: (200) OK
2019-04-07T00:00:00Z,83781,-9999,23,22.1,27.2,-9999,69,925,1013,14,1.6,0.5,10,1.8,85,1.233333,Success: (200) OK
2019-04-07T12:00:00Z,83781,2.4,22.2,20.7,-9999,21.2,86,927.3,1015.6,32,1.6,-9999,10,-9999,-9999,-9999,Success: (200) OK
2019-04-07T18:00:00Z,83781,-9999,25.1,22.3,-9999,-9999,78,925.2,1012.6,32,2.1,-9999,10,-9999,-9999,-9999,Success: (200) OK
2019-04-08T00:00:00Z,83781,-9999,24,22.5,24.2,-9999,88,925.3,1013.1,0,0,0,7,2.3,90.5,2.2,Success: (200) OK
2019-04-08T12:00:00Z,83781,12,21.4,20.3,-9999,19.3,90,925.4,1013.7,32,1.6,-9999,10,-9999,-9999,-9999,Success: (200) OK
2019-04-08T18:00:00Z,83781,-9999,20.2,19.8,-9999,-9999,96,924.5,1012.2,32,2.5,-9999,10,-9999,-9999,-9999,Success: (200) OK
2019-04-09T00:00:00Z,83781,-9999,20.4,19.1,21.4,-9999,88,925.5,1014,14,2.5,0,10,0.6,90,3.033333,Success: (200) OK
2019-04-09T12:00:00Z,83781,55.8,20.8,19.4,-9999,18.5,88,926.6,1015.3,18,2,-9999,10,-9999,-9999,-9999,Success: (200) OK
2019-04-09T18:00:00Z,83781,-9999,21,19.7,-9999,-9999,88,925.8,1014.5,18,3,-9999,10,-9999,-9999,-9999,Success: (200) OK
2019-04-10T00:00:00Z,83781,-9999,19.1,18.3,22,-9999,92,927,1015.8,18,4.1,2.4,10,1,85.75,2.333333,Success: (200) OK
2019-04-10T12:00:00Z,83781,8,19.2,17.3,-9999,16.7,82,928.2,1016.1,14,1.5,-9999,10,-9999,-9999,-9999,Success: (200) OK
2019-04-10T18:00:00Z,83781,-9999,21.7,18.8,-9999,-9999,75,926.5,1015.2,14,2.5,-9999,10,-9999,-9999,-9999,Success: (200) OK
2019-04-11T00:00:00Z,83781,-9999,18.2,17.5,28,-9999,93,926.9,1016.1,14,3,7.2,10,1.8,79,1.933333,Success: (200) OK
2019-04-11T12:00:00Z,83781,0,20.1,18.2,-9999,17.8,83,927.5,1016.4,9,2,-9999,10,-9999,-9999,-9999,Success: (200) OK
2019-04-11T18:00:00Z,83781,-9999,27.3,21.3,-9999,-9999,57,924.5,1012.5,23,0.5,-9999,8,-9999,-9999,-9999,Success: (200) OK
2019-04-12T00:00:00Z,83781,-9999,20.5,19.3,29.2,-9999,88,926.7,1015.4,36,3.3,7.7,10,3,74.25,2.3,Success: (200) OK
2019-04-12T12:00:00Z,83781,0,21.5,19.2,-9999,19.1,81,926.8,1015.4,9,2,-9999,7,-9999,-9999,-9999,Success: (200) OK
2019-04-12T18:00:00Z,83781,-9999,28.5,19.7,-9999,-9999,42,923.8,1011.5,32,3.3,-9999,8,-9999,-9999,-9999,Success: (200) OK
2019-04-13T00:00:00Z,83781,-9999,21.2,19.7,29.8,-9999,87,926.6,1015.1,9,1.6,5.7,8,3.2,73,1.533333,Success: (200) OK
2019-04-13T12:00:00Z,83781,0,23,20.1,-9999,19.7,77,927.1,1015.5,9,1.3,-9999,8,-9999,-9999,-9999,Success: (200) OK
2019-04-13T18:00:00Z,83781,-9999,28.7,21.6,-9999,-9999,51,924.1,1011.7,14,1.3,-9999,8,-9999,-9999,-9999,Success: (200) OK
2019-04-14T00:00:00Z,83781,-9999,22,19.9,22.2,-9999,82,927.1,1015.4,18,2,0,10,3,88.75,1.9,Success: (200) OK
2019-04-14T12:00:00Z,83781,9.4,18.9,18.1,-9999,18.4,92,928.9,1017.8,5,1.6,-9999,10,-9999,-9999,-9999,Success: (200) OK
2019-04-14T18:00:00Z,83781,-9999,21,19.6,-9999,-9999,87,925.8,1014.5,18,1.6,-9999,10,-9999,-9999,-9999,Success: (200) OK
2019-04-15T00:00:00Z,83781,-9999,19.5,18.3,28,-9999,88,926.9,1015.9,14,2.5,7,5,1.2,79.25,1.366667,Success: (200) OK
2019-04-15T12:00:00Z,83781,8.4,21.7,19.7,-9999,18.5,83,927.8,1016.6,14,2.5,-9999,10,-9999,-9999,-9999,Success: (200) OK
2019-04-15T18:00:00Z,83781,-9999,27.9,22.7,-9999,-9999,64,926.3,1014.1,0,0,-9999,7,-9999,-9999,-9999,Success: (200) OK
2019-04-16T00:00:00Z,83781,-9999,21.4,19.6,28.7,-9999,85,927.5,1016.1,14,1.6,-9999,10,2.6,78,1.9,Success: (200) OK
2019-04-16T12:00:00Z,83781,0,23.6,20.8,-9999,19.7,77,926.7,1015,18,2,-9999,5,-9999,-9999,-9999,Success: (200) OK
2019-04-16T18:00:00Z,83781,-9999,28.1,22.3,-9999,-9999,59,922.3,1009.7,36,1.6,-9999,8,-9999,-9999,-9999,Success: (200) OK
2019-04-17T00:00:00Z,83781,-9999,20.9,19.5,27.7,-9999,88,923.4,1011.4,18,2.1,-9999,8,3,72.25,1.933333,Success: (200) OK
2019-04-17T12:00:00Z,83781,8.8,22.2,19.7,-9999,19.3,78,924.3,1012.5,14,0.8,-9999,6,-9999,-9999,-9999,Success: (200) OK
2019-04-17T18:00:00Z,83781,-9999,26.7,19,-9999,-9999,47,922.3,1009.7,14,2.5,-9999,6,-9999,-9999,-9999,Success: (200) OK
2019-04-18T00:00:00Z,83781,-9999,21.6,19.5,26.9,-9999,82,923.4,1011.4,14,2.5,-9999,10,5,70.75,1.333333,Success: (200) OK
2019-04-18T12:00:00Z,83781,0,20.3,17.4,-9999,16.9,75,924.7,1013.1,27,1.1,-9999,3,-9999,-9999,-9999,Success: (200) OK
2019-04-18T18:00:00Z,83781,-9999,26.4,18.3,-9999,-9999,44,923.4,1011.2,27,1.3,-9999,3,-9999,-9999,-9999,Success: (200) OK
2019-04-19T00:00:00Z,83781,-9999,19.6,17.6,28.2,-9999,82,925.4,1014,18,1.6,-9999,6,4,61.25,1.3,Success: (200) OK
2019-04-19T12:00:00Z,83781,0,20.3,16.9,-9999,15.6,71,926.7,1015.5,18,0.8,-9999,1,-9999,-9999,-9999,Success: (200) OK
2019-04-19T18:00:00Z,83781,-9999,27.4,17.6,-9999,-9999,36,923.9,1011.9,27,2.3,-9999,2,-9999,-9999,-9999,Success: (200) OK
2019-04-20T00:00:00Z,83781,-9999,22,18.3,28.3,-9999,69,925.4,1013.8,14,0.8,-9999,0,4,58.5,1.566667,Success: (200) OK
2019-04-20T12:00:00Z,83781,0,21.2,17.4,-9999,16.4,68,926.1,1014.5,27,0.8,-9999,3,-9999,-9999,-9999,Success: (200) OK
2019-04-20T18:00:00Z,83781,-9999,27.1,18.8,-9999,-9999,44,924,1011.5,23,2.3,-9999,7,-9999,-9999,-9999,Success: (200) OK
2019-04-21T00:00:00Z,83781,-9999,23.4,18.2,29.6,-9999,61,925.2,1013.1,32,1.6,-9999,8,5.2,67.75,1.533333,Success: (200) OK
2019-04-21T12:00:00Z,83781,0,23.8,18.6,-9999,19.2,60,925,1012.9,14,1.3,-9999,4,-9999,-9999,-9999,Success: (200) OK
2019-04-21T18:00:00Z,83781,-9999,28.8,20.6,-9999,-9999,47,922.8,1010.2,27,2.5,-9999,7,-9999,-9999,-9999,Success: (200) OK
2019-04-22T00:00:00Z,83781,-9999,23.8,21.5,29.4,-9999,82,924.5,1012.2,18,0.8,-9999,10,4.8,78,2.3,Success: (200) OK
2019-04-22T12:00:00Z,83781,0,22.8,20.3,-9999,20.4,80,925.3,1019.2,14,1.6,-9999,10,-9999,-9999,-9999,Success: (200) OK
2019-04-22T18:00:00Z,83781,-9999,27,22.9,-9999,-9999,70,925,1012.7,14,2.5,-9999,10,-9999,-9999,-9999,Success: (200) OK
2019-04-23T00:00:00Z,83781,-9999,23,20.6,27.9,-9999,81,925.3,1013.3,14,2.8,-9999,10,3.5,82,3.133333,Success: (200) OK
2019-04-23T12:00:00Z,83781,0,22.3,20.2,-9999,20.8,84,928.3,1016.7,18,1.3,-9999,10,-9999,-9999,-9999,Success: (200) OK
2019-04-23T18:00:00Z,83781,-9999,25.7,21.8,-9999,-9999,70,926.3,1014.2,14,4.1,-9999,10,-9999,-9999,-9999,Success: (200) OK
2019-04-24T00:00:00Z,83781,-9999,24.4,19.9,29.2,-9999,87,929.2,1018.8,18,4,-9999,10,2.5,77.5,2.466667,Success: (200) OK
2019-04-24T12:00:00Z,83781,0,22,19.9,-9999,20,82,929.9,1018.7,18,1.6,-9999,10,-9999,-9999,-9999,Success: (200) OK
2019-04-24T18:00:00Z,83781,-9999,27.9,22.5,-9999,-9999,62,927.4,1014.9,18,2.5,-9999,6,-9999,-9999,-9999,Success: (200) OK
2019-04-25T00:00:00Z,83781,-9999,23.2,21.1,28.8,-9999,83,929.3,1017.8,14,3.3,-9999,10,3,78.75,2.866667,Success: (200) OK
2019-04-25T12:00:00Z,83781,0,23.3,20.6,-9999,20.7,87,929.6,1018.1,9,3,-9999,3,-9999,-9999,-9999,Success: (200) OK
2019-04-25T18:00:00Z,83781,-9999,28.3,22,-9999,-9999,56,927.5,1015.4,5,2.3,-9999,8,-9999,-9999,-9999,Success: (200) OK
2019-04-26T00:00:00Z,83781,-9999,22.4,20.6,27.8,-9999,86,929.3,1017.7,18,3.3,-9999,8,2.6,86.75,2.2,Success: (200) OK
2019-04-26T12:00:00Z,83781,0.8,22.4,20.3,-9999,20.6,83,927.3,1016,18,1.6,-9999,10,-9999,-9999,-9999,Success: (200) OK
2019-04-26T18:00:00Z,83781,-9999,24,22.3,-9999,-9999,86,926.6,1014.3,14,3,-9999,10,-9999,-9999,-9999,Success: (200) OK
2019-04-27T00:00:00Z,83781,-9999,22.4,21.1,29.4,-9999,89,927.5,1015.8,14,2,-9999,10,1.6,68.75,1.866667,Success: (200) OK
2019-04-27T12:00:00Z,83781,27.8,22.5,20.8,-9999,19.6,86,927.5,1015.9,0,0,-9999,4,-9999,-9999,-9999,Success: (200) OK
2019-04-27T18:00:00Z,83781,-9999,29.1,22.1,-9999,-9999,53,924.2,1010.5,14,3.3,-9999,6,-9999,-9999,-9999,Success: (200) OK
2019-04-28T00:00:00Z,83781,-9999,25.4,21.1,29.2,-9999,68,924.1,1011.8,14,2.3,-9999,0,5.6,76.25,2.466667,Success: (200) OK
2019-04-28T12:00:00Z,83781,0,24.2,19.8,-9999,17.3,66,923.5,1011,18,2,-9999,6,-9999,-9999,-9999,Success: (200) OK
2019-04-28T18:00:00Z,83781,-9999,28.4,21.3,-9999,-9999,53,920.4,1007.2,18,4.6,-9999,10,-9999,-9999,-9999,Success: (200) OK
2019-04-29T00:00:00Z,83781,-9999,18,17.3,24.5,-9999,93,923.9,1012.2,14,0.8,-9999,10,4.6,79,2.133333,Success: (200) OK
2019-04-29T12:00:00Z,83781,14.7,20,17.8,-9999,17.3,80,924.4,1013.1,14,1.6,-9999,6,-9999,-9999,-9999,Success: (200) OK
2019-04-29T18:00:00Z,83781,-9999,23.5,19.5,-9999,-9999,68,923.6,1012.7,18,2.3,-9999,9,-9999,-9999,-9999,Success: (200) OK
2019-04-30T00:00:00Z,83781,-9999,19.5,17.9,27.1,-9999,84,926.6,1015.4,18,2.5,-9999,10,2.6,71.25,1.966667,Success: (200) OK
2019-04-30T12:00:00Z,83781,0,20.5,17.8,-9999,18.1,76,927.8,1016.7,32,2.3,-9999,5,-9999,-9999,-9999,Success: (200) OK
2019-04-30T18:00:00Z,83781,-9999,26.9,18.5,-9999,-9999,43,924.9,1012.9,32,2,-9999,6,-9999,-9999,-9999,Success: (200) OK
2019-05-01T00:00:00Z,83781,-9999,20.4,18.4,27.2,-9999,83,926.7,1015.4,32,1.6,-9999,6,3.6,71,1.233333,Success: (200) OK
2019-05-01T12:00:00Z,83781,0,19.5,18.8,-9999,18,93,927.1,1015.9,14,1.3,-9999,10,-9999,-9999,-9999,Success: (200) OK
2019-05-01T18:00:00Z,83781,-9999,26.8,19.1,-9999,-9999,45,924.3,1012.9,14,1.6,-9999,7,-9999,-9999,-9999,Success: (200) OK
2019-05-02T00:00:00Z,83781,-9999,23,19.7,28.2,-9999,73,924.5,1013.2,18,0.8,-9999,6,8,67,1.5,Success: (200) OK
2019-05-02T12:00:00Z,83781,0,23,19.6,-9999,19.3,72,920.1,1013.1,5,1.3,-9999,6,-9999,-9999,-9999,Success: (200) OK
2019-05-02T18:00:00Z,83781,-9999,26.4,19.4,-9999,-9999,50,923.8,1011.5,32,2.5,-9999,10,-9999,-9999,-9999,Success: (200) OK
2019-05-03T00:00:00Z,83781,-9999,22.9,19.6,29.5,-9999,73,924.8,1012.8,23,0.7,-9999,4,4.2,71.5,1.666667,Success: (200) OK
2019-05-03T12:00:00Z,83781,0,22,20.9,-9999,19.5,90,926.6,1014.6,9,1.6,-9999,9,-9999,-9999,-9999,Success: (200) OK
2019-05-03T18:00:00Z,83781,-9999,29.3,21.7,-9999,-9999,50,925.2,1012.6,27,1.6,-9999,9,-9999,-9999,-9999,Success: (200) OK
2019-05-04T00:00:00Z,83781,-9999,25.2,21.8,29.5,-9999,73,927.1,1015,9,1.8,-9999,4,3.8,62.25,0.666667,Success: (200) OK
2019-05-04T12:00:00Z,83781,0,23.2,20.7,-9999,20.4,78,928.7,1016.7,0,0,-9999,10,-9999,-9999,-9999,Success: (200) OK
2019-05-04T18:00:00Z,83781,-9999,29.1,20.4,-9999,-9999,43,926.4,1013.4,14,2,-9999,10,-9999,-9999,-9999,Success: (200) OK
2019-05-05T00:00:00Z,83781,-9999,24.4,19.7,28.9,-9999,64,928.3,1016.2,0,0,-9999,0,3.8,77.25,2.633333,Success: (200) OK
2019-05-05T12:00:00Z,83781,0,21.5,19.7,-9999,19.2,84,929.3,1017.6,9,3,-9999,8,-9999,-9999,-9999,Success: (200) OK
2019-05-05T18:00:00Z,83781,-9999,28.6,20.9,-9999,-9999,49,926.3,1013.7,9,1.6,-9999,7,-9999,-9999,-9999,Success: (200) OK
2019-05-06T00:00:00Z,83781,-9999,20.9,19.7,25.6,-9999,88,928.1,1016.7,27,3.3,-9999,10,2.9,71,1.8,Success: (200) OK
2019-05-06T12:00:00Z,83781,5,22.5,20.3,-9999,19.8,81,928,1016.4,5,0.8,-9999,3,-9999,-9999,-9999,Success: (200) OK
2019-05-06T18:00:00Z,83781,-9999,28.5,21.5,-9999,-9999,53,925.2,1012.3,5,4.6,-9999,7,-9999,-9999,-9999,Success: (200) OK
2019-05-07T00:00:00Z,83781,-9999,24.5,21.3,25.8,-9999,75,926.7,1014.5,0,0,-9999,0,4.3,80,2.3,Success: (200) OK
2019-05-07T12:00:00Z,83781,0,21.5,19.2,-9999,18.5,80,927.5,1015.4,18,2,-9999,10,-9999,-9999,-9999,Success: (200) OK
2019-05-07T18:00:00Z,83781,-9999,24.5,20.3,-9999,-9999,68,926.1,1013.9,18,1.6,-9999,10,-9999,-9999,-9999,Success: (200) OK
2019-05-08T00:00:00Z,83781,-9999,18.8,17.4,22.3,-9999,86,929.2,1018,18,3.3,-9999,10,2.5,80.75,3.133333,Success: (200) OK
2019-05-08T12:00:00Z,83781,0.1,19,17.1,-9999,17.9,81,924.9,1013.5,5,3.3,-9999,10,-9999,-9999,-9999,Success: (200) OK
2019-05-08T18:00:00Z,83781,-9999,21.5,18.5,-9999,-9999,74,928.8,1017.4,5,3.3,-9999,10,-9999,-9999,-9999,Success: (200) OK
2019-05-09T00:00:00Z,83781,-9999,18.2,16.5,23.8,-9999,84,928.8,1017.9,5,2.8,-9999,10,1.5,78.5,3.7,Success: (200) OK
2019-05-09T12:00:00Z,83781,0,18.1,16.3,-9999,17.3,82,927.6,1016.6,14,5,-9999,10,-9999,-9999,-9999,Success: (200) OK
2019-05-09T18:00:00Z,83781,-9999,23.5,20,-9999,-9999,72,925.2,1013.6,14,2.8,-9999,10,-9999,-9999,-9999,Success: (200) OK
2019-05-10T00:00:00Z,83781,-9999,19.3,17.1,27.3,-9999,80,926.7,1015.5,14,3.3,-9999,10,3.2,76,1.866667,Success: (200) OK
2019-05-10T12:00:00Z,83781,0,20.2,18.1,-9999,17.6,80,926.1,1014.6,14,2.6,-9999,10,-9999,-9999,-9999,Success: (200) OK
2019-05-10T18:00:00Z,83781,-9999,27.1,21.5,-9999,-9999,60,922.9,1010.9,14,3,-9999,10,-9999,-9999,-9999,Success: (200) OK
2019-05-11T00:00:00Z,83781,-9999,23,20.8,29.3,-9999,82,928.6,1017,0,0,-9999,0,2.5,72,1.666667,Success: (200) OK
2019-05-11T12:00:00Z,83781,0,23,20.1,-9999,18.9,76,925.5,1013.3,36,2,-9999,10,-9999,-9999,-9999,Success: (200) OK
2019-05-11T18:00:00Z,83781,-9999,28.6,22.1,-9999,-9999,56,923.5,1010.7,36,2,-9999,9,-9999,-9999,-9999,Success: (200) OK
2019-05-12T00:00:00Z,83781,-9999,22.6,20.2,28.9,-9999,78,925.8,1013.7,9,1,-9999,10,2.8,77.75,2.466667,Success: (200) OK
2019-05-12T12:00:00Z,83781,0.1,24,21.2,-9999,20.8,78,927.5,1015.4,23,2.5,-9999,9,-9999,-9999,-9999,Success: (200) OK
2019-05-12T18:00:00Z,83781,-9999,26.4,21.8,-9999,-9999,65,925.3,1012.9,18,3.3,-9999,10,-9999,-9999,-9999,Success: (200) OK
2019-05-13T00:00:00Z,83781,-9999,21.8,20.1,27.8,-9999,84,928.6,1016.8,18,1.6,-9999,10,2.3,75.5,1.9,Success: (200) OK
2019-05-13T12:00:00Z,83781,1.8,22.8,19.9,-9999,19.8,75,930.2,1018.6,14,1.6,-9999,10,-9999,-9999,-9999,Success: (200) OK
2019-05-13T18:00:00Z,83781,-9999,27,22.3,-9999,-9999,65,927.5,1014.8,14,1.6,-9999,10,-9999,-9999,-9999,Success: (200) OK
2019-05-14T00:00:00Z,83781,-9999,22.2,20.1,27.5,-9999,81,929.5,1017.9,18,2.5,-9999,10,2.5,82.5,1.933333,Success: (200) OK
2019-05-14T12:00:00Z,83781,0,21.6,19.9,-9999,16.9,85,927.5,1015.7,0,0,-9999,8,-9999,-9999,-9999,Success: (200) OK
2019-05-14T18:00:00Z,83781,-9999,26.8,21.3,-9999,-9999,59,924.4,1011.9,27,3.3,-9999,8,-9999,-9999,-9999,Success: (200) OK
2019-05-15T00:00:00Z,83781,-9999,17.9,17.2,23.7,-9999,93,927.6,1016.4,23,2.5,-9999,10,2.9,81,1.366667,Success: (200) OK
2019-05-15T12:00:00Z,83781,6.6,18.2,17.1,-9999,16.7,89,928,1017.1,0,0,-9999,8,-9999,-9999,-9999,Success: (200) OK
2019-05-15T18:00:00Z,83781,-9999,23.2,17.5,-9999,-9999,55,926.6,1014.9,14,2.5,-9999,10,-9999,-9999,-9999,Success: (200) OK
2019-05-16T00:00:00Z,83781,-9999,17,16,21,-9999,90,928.6,1018,18,1.6,-9999,10,1.8,88,4.066667,Success: (200) OK
2019-05-16T12:00:00Z,83781,4.4,18.7,17.5,-9999,16.5,87,929.9,1019.3,14,4.1,-9999,10,-9999,-9999,-9999,Success: (200) OK
2019-05-16T18:00:00Z,83781,-9999,18.1,17.4,-9999,-9999,93,929.3,1018.8,18,4.1,-9999,10,-9999,-9999,-9999,Success: (200) OK
2019-05-17T00:00:00Z,83781,-9999,17.3,15.9,20.6,-9999,86,930.4,1019.7,23,4,-9999,10,1.5,88.75,3.3,Success: (200) OK
2019-05-17T12:00:00Z,83781,2.5,16.9,16.4,-9999,16.4,95,930.7,1020.4,14,3.3,-9999,10,-9999,-9999,-9999,Success: (200) OK
2019-05-17T18:00:00Z,83781,-9999,18.9,16.7,-9999,-9999,80,927.8,1017.1,9,3.3,-9999,10,-9999,-9999,-9999,Success: (200) OK
2019-05-18T00:00:00Z,83781,-9999,18,17,20.2,-9999,90,929.9,1019.4,18,3.3,-9999,10,1.3,91,0.833333,Success: (200) OK
2019-05-18T12:00:00Z,83781,8.6,17.2,16.6,-9999,17,94,928.2,1017.5,0,0,-9999,10,-9999,-9999,-9999,Success: (200) OK
2019-05-18T18:00:00Z,83781,-9999,18.5,17.7,-9999,-9999,92,926,1014.8,14,2.5,-9999,10,-9999,-9999,-9999,Success: (200) OK
2019-05-19T00:00:00Z,83781,-9999,18,17,24.4,-9999,89,927.6,1016.7,0,0,-9999,10,0.8,86.5,0.9,Success: (200) OK
2019-05-19T12:00:00Z,83781,4,18,16.8,-9999,16.2,87,928.2,1017.5,0,0,-9999,10,-9999,-9999,-9999,Success: (200) OK
2019-05-19T18:00:00Z,83781,-9999,22.2,19.1,-9999,-9999,73,925,1014,14,1.1,-9999,10,-9999,-9999,-9999,Success: (200) OK
2019-05-20T00:00:00Z,83781,-9999,18.3,17.5,23.5,-9999,93,926.1,1015.2,14,1.6,-9999,10,1,82.5,1.8,Success: (200) OK
2019-05-20T12:00:00Z,83781,3,16.6,16.1,-9999,15.7,95,927.4,1016.4,14,0.8,-9999,10,-9999,-9999,-9999,Success: (200) OK
2019-05-20T18:00:00Z,83781,-9999,22.5,17.7,-9999,-9999,61,926.1,1014.6,14,2.5,-9999,7,-9999,-9999,-9999,Success: (200) OK
2019-05-21T00:00:00Z,83781,-9999,18.8,17.5,25.1,-9999,87,926.5,1015.5,14,2.1,-9999,0,2.6,66.25,1.5,Success: (200) OK
2019-05-21T12:00:00Z,83781,0,18.1,16.5,-9999,15,84,927.5,1018.6,5,1.6,-9999,7,-9999,-9999,-9999,Success: (200) OK
2019-05-21T18:00:00Z,83781,-9999,25,17.1,-9999,-9999,43,926.1,1014.4,32,1.6,-9999,8,-9999,-9999,-9999,Success: (200) OK
2019-05-22T00:00:00Z,83781,-9999,19.7,16.2,26.4,-9999,69,926.3,1015,32,1.3,-9999,8,4.7,63.75,0.8,Success: (200) OK
2019-05-22T12:00:00Z,83781,0,18.2,15.5,-9999,14.6,75,927.3,1016.1,0,0,-9999,1,-9999,-9999,-9999,Success: (200) OK
2019-05-22T18:00:00Z,83781,-9999,25.4,17.5,-9999,-9999,44,925.2,1013.3,18,1.6,-9999,7,-9999,-9999,-9999,Success: (200) OK
2019-05-23T00:00:00Z,83781,-9999,21,17.3,27.4,-9999,68,926,1014.6,18,0.8,-9999,0,4.7,63.75,1.766667,Success: (200) OK
2019-05-23T12:00:00Z,83781,0,18.2,15.5,-9999,15.8,74,926.1,1014.9,5,1.3,-9999,6,-9999,-9999,-9999,Success: (200) OK
2019-05-23T18:00:00Z,83781,-9999,26.6,17.5,-9999,-9999,39,923.5,1012.6,5,2,-9999,10,-9999,-9999,-9999,Success: (200) OK
2019-05-24T00:00:00Z,83781,-9999,21.8,18.5,22.7,-9999,71,924.6,1013.2,5,2,-9999,10,4,80.25,3.566667,Success: (200) OK
2019-05-24T12:00:00Z,83781,0,18.5,16.8,-9999,17.6,83,924.7,1013.2,18,1.6,-9999,10,-9999,-9999,-9999,Success: (200) OK
2019-05-24T18:00:00Z,83781,-9999,21.2,17.7,-9999,-9999,70,921.5,1009.2,18,4.1,-9999,10,-9999,-9999,-9999,Success: (200) OK
2019-05-25T00:00:00Z,83781,-9999,18.2,16.5,19.5,-9999,84,922.6,1011,18,5,-9999,10,4,68.75,2.166667,Success: (200) OK
2019-05-25T12:00:00Z,83781,1,13.1,10.4,-9999,11.4,69,926.5,1016.1,27,1.6,-9999,7,-9999,-9999,-9999,Success: (200) OK
2019-05-25T18:00:00Z,83781,-9999,18.3,14.1,-9999,-9999,62,925.6,1015,27,3.3,-9999,9,-9999,-9999,-9999,Success: (200) OK
2019-05-26T00:00:00Z,83781,-9999,16.6,13.8,24,-9999,72,927.9,1017.7,14,1.6,-9999,10,7.4,77.5,0.933333,Success: (200) OK
2019-05-26T12:00:00Z,83781,0,16.6,14.7,-9999,12.7,82,928,1017.7,0,0,-9999,10,-9999,-9999,-9999,Success: (200) OK
2019-05-26T18:00:00Z,83781,-9999,22.4,16.3,-9999,-9999,52,926.1,1014.4,0,0,-9999,2,-9999,-9999,-9999,Success: (200) OK
2019-05-27T00:00:00Z,83781,-9999,17.2,15.8,26.8,-9999,88,927.4,1016.8,14,2.8,-9999,10,2.8,56.75,0.8,Success: (200) OK
2019-05-27T12:00:00Z,83781,0,16.2,14,-9999,13.4,78,928.6,1018,5,1.6,-9999,0,-9999,-9999,-9999,Success: (200) OK
2019-05-27T18:00:00Z,83781,-9999,26.4,16.3,-9999,-9999,33,925.3,1013.5,0,0,-9999,0,-9999,-9999,-9999,Success: (200) OK
2019-05-28T00:00:00Z,83781,-9999,20.8,15.7,27.2,-9999,58,926.4,1015.2,14,0.8,-9999,0,4.7,62.75,2.3,Success: (200) OK
2019-05-28T12:00:00Z,83781,0,18.7,14.3,-9999,14.4,59,926.5,1014.9,32,2,-9999,6,-9999,-9999,-9999,Success: (200) OK
2019-05-28T18:00:00Z,83781,-9999,26.8,18.9,-9999,-9999,44,925,1013,32,3.3,-9999,8,-9999,-9999,-9999,Success: (200) OK
2019-05-29T00:00:00Z,83781,-9999,19.3,16.4,26.7,-9999,74,926.5,1015.2,9,1.6,-9999,8,4.8,81,1.566667,Success: (200) OK
2019-05-29T12:00:00Z,83781,16.6,19.5,18.1,-9999,17.5,86,928.1,1017,14,0.8,-9999,10,-9999,-9999,-9999,Success: (200) OK
2019-05-29T18:00:00Z,83781,-9999,26.7,20.8,-9999,-9999,58,926.4,1014.1,14,1.6,-9999,8,-9999,-9999,-9999,Success: (200) OK
2019-05-30T00:00:00Z,83781,-9999,19.6,18.6,26.8,-9999,90,927.9,1016.7,14,2.3,-9999,10,2.3,82.25,1.9,Success: (200) OK
2019-05-30T12:00:00Z,83781,0,19.9,18.5,-9999,18.5,87,926.9,1015.5,9,1.6,-9999,10,-9999,-9999,-9999,Success: (200) OK
2019-05-30T18:00:00Z,83781,-9999,22.8,20.3,-9999,-9999,78,924,1012.1,36,2.5,-9999,10,-9999,-9999,-9999,Success: (200) OK
2019-05-31T00:00:00Z,83781,-9999,20.6,18.7,27.1,-9999,82,924.1,1012.4,18,1.6,-9999,4,3.2,54,2.766667,Success: (200) OK
2019-05-31T12:00:00Z,83781,0,23.2,17.5,-9999,19.4,54,923.6,1011.2,14,2.5,-9999,8,-9999,-9999,-9999,Success: (200) OK
2019-05-31T18:00:00Z,83781,-9999,26.3,19.5,-9999,-9999,52,922,1009.2,14,3.3,-9999,10,-9999,-9999,-9999,Success: (200) OK
2019-06-01T00:00:00Z,83781,-9999,24.5,18.4,24.8,-9999,55,922,1009.5,5,2.5,-9999,8,6.2,80,1.6,Success: (200) OK
2019-06-01T12:00:00Z,83781,7.6,21.6,19.7,-9999,18.6,84,925,1013,14,1.6,-9999,8,-9999,-9999,-9999,Success: (200) OK
2019-06-01T18:00:00Z,83781,-9999,23.5,20.7,-9999,-9999,78,923.7,1012.1,14,1.6,-9999,10,-9999,-9999,-9999,Success: (200) OK
2019-06-02T00:00:00Z,83781,-9999,21,18.7,21.1,-9999,79,924.3,1013,14,1.6,-9999,1,2,93.25,1.066667,Success: (200) OK
2019-06-02T12:00:00Z,83781,11,17.9,17.2,-9999,17.7,93,926.8,1014.6,32,1.6,-9999,10,-9999,-9999,-9999,Success: (200) OK
2019-06-02T18:00:00Z,83781,-9999,18.8,18,-9999,-9999,92,927.3,1016.3,0,0,-9999,10,-9999,-9999,-9999,Success: (200) OK
2019-06-03T00:00:00Z,83781,-9999,18.1,17.5,20.8,-9999,94,927.9,1016.9,9,1.6,-9999,10,0.9,84,1.2,Success: (200) OK
2019-06-03T12:00:00Z,83781,16.9,17,16.5,-9999,16.5,95,929.4,1018.7,0,0,-9999,10,-9999,-9999,-9999,Success: (200) OK
2019-06-03T18:00:00Z,83781,-9999,20.8,17.5,-9999,-9999,71,928.1,1017,14,2,-9999,10,-9999,-9999,-9999,Success: (200) OK
2019-06-04T00:00:00Z,83781,-9999,17.4,16,17.8,-9999,85,929,1018.5,14,1.6,-9999,0,1.8,78.5,2.066667,Success: (200) OK
2019-06-04T12:00:00Z,83781,6,13.9,12.6,-9999,12.6,86,933.2,1023.2,23,1.6,-9999,10,-9999,-9999,-9999,Success: (200) OK
2019-06-04T18:00:00Z,83781,-9999,17.4,13,-9999,-9999,60,933.2,1023.1,14,1.6,-9999,6,-9999,-9999,-9999,Success: (200) OK
2019-06-05T00:00:00Z,83781,-9999,13.2,11.7,18.8,-9999,84,934.9,1025.5,14,3,-9999,5,2.8,78.75,3.1,Success: (200) OK
2019-06-05T12:00:00Z,83781,0.8,14,12.7,-9999,12.1,86,933.8,1024.4,14,3,-9999,10,-9999,-9999,-9999,Success: (200) OK
2019-06-05T18:00:00Z,83781,-9999,18.5,14.8,-9999,-9999,65,931.9,1021.9,5,3.3,-9999,10,-9999,-9999,-9999,Success: (200) OK
2019-06-06T00:00:00Z,83781,-9999,15,13.3,20.8,-9999,82,934.4,1024.9,14,3,-9999,8,2,80.25,1.733333,Success: (200) OK
2019-06-06T12:00:00Z,83781,0,14.8,13.1,-9999,13,81,932.9,1023.2,9,2.3,-9999,10,-9999,-9999,-9999,Success: (200) OK
2019-06-06T18:00:00Z,83781,-9999,20,15.7,-9999,-9999,62,929.9,1019.5,36,1.6,-9999,10,-9999,-9999,-9999,Success: (200) OK
2019-06-07T00:00:00Z,83781,-9999,15.6,14.7,23.5,-9999,89,930.7,1020.5,36,1.3,-9999,0,2,66.25,1.433333,Success: (200) OK
2019-06-07T12:00:00Z,83781,0,14.4,12.8,-9999,11.6,82,930.6,1020.7,9,1,-9999,0,-9999,-9999,-9999,Success: (200) OK
2019-06-07T18:00:00Z,83781,-9999,23.5,15.9,-9999,-9999,43,928.7,1018,27,3.3,-9999,1,-9999,-9999,-9999,Success: (200) OK
2019-06-08T00:00:00Z,83781,-9999,17.5,14.4,23.7,-9999,70,929.2,1018.9,0,0,-9999,0,4.2,61.5,1.4,Success: (200) OK
2019-06-08T12:00:00Z,83781,0,15,13.1,-9999,13,80,930.6,1020.4,18,1.6,-9999,9,-9999,-9999,-9999,Success: (200) OK
2019-06-08T18:00:00Z,83781,-9999,22.5,14.8,-9999,-9999,40,929.6,1018.9,23,2.6,-9999,4,-9999,-9999,-9999,Success: (200) OK
2019-06-09T00:00:00Z,83781,-9999,16.7,12.9,21.8,-9999,63,931.5,1021.2,0,0,-9999,0,3.2,68.25,3.466667,Success: (200) OK
2019-06-09T12:00:00Z,83781,0,15,12.3,-9999,11.1,72,934,1024,14,0.8,-9999,0,-9999,-9999,-9999,Success: (200) OK
2019-06-09T18:00:00Z,83781,-9999,21.6,13.6,-9999,-9999,39,931.5,1019.2,14,4.8,-9999,4,-9999,-9999,-9999,Success: (200) OK
2019-06-10T00:00:00Z,83781,-9999,16,14.1,22.8,-9999,81,932.7,1021.5,14,4.8,-9999,4,3.3,73,1.2,Success: (200) OK
2019-06-10T12:00:00Z,83781,0,15.5,13.8,-9999,12.2,82,933.9,1023.9,18,1.6,-9999,3,-9999,-9999,-9999,Success: (200) OK
2019-06-10T18:00:00Z,83781,-9999,22.5,16.7,-9999,-9999,54,930.1,1019.3,18,2,-9999,0,-9999,-9999,-9999,Success: (200) OK
2019-06-11T00:00:00Z,83781,-9999,18.2,15.9,24.5,-9999,78,931.4,1021,0,0,-9999,0,2.5,74.25,1.4,Success: (200) OK
2019-06-11T12:00:00Z,83781,0,13.6,13.3,-9999,12.8,97,931.9,1021.9,36,2.1,-9999,10,-9999,-9999,-9999,Success: (200) OK
2019-06-11T18:00:00Z,83781,-9999,24,17.9,-9999,-9999,54,929.5,1018.6,36,0.5,-9999,6,-9999,-9999,-9999,Success: (200) OK
2019-06-12T00:00:00Z,83781,-9999,18.7,15.8,25.4,-9999,73,930.4,1020.2,18,1.6,-9999,5,3.8,69.5,1.533333,Success: (200) OK
2019-06-12T12:00:00Z,83781,0,17.2,15.1,-9999,13.3,79,932,1021.8,14,2.1,-9999,6,-9999,-9999,-9999,Success: (200) OK
2019-06-12T18:00:00Z,83781,-9999,25,18.3,-9999,-9999,51,929.4,1017.8,18,2.5,-9999,7,-9999,-9999,-9999,Success: (200) OK
2019-06-13T00:00:00Z,83781,-9999,21,18.1,27.3,-9999,74,931.2,1020.3,0,0,-9999,5,1.7,67.5,1.433333,Success: (200) OK
2019-06-13T12:00:00Z,83781,0,18.9,16.9,-9999,15.2,81,935.6,1021.9,14,1.3,-9999,4,-9999,-9999,-9999,Success: (200) OK
2019-06-13T18:00:00Z,83781,-9999,27.1,19.5,-9999,-9999,47,929.3,1017.8,36,3,-9999,7,-9999,-9999,-9999,Success: (200) OK
2019-06-14T00:00:00Z,83781,-9999,21.4,18.1,27.4,-9999,71,930.9,1020.4,0,0,-9999,10,4,57.5,0,Success: (200) OK
2019-06-14T12:00:00Z,83781,0,19.5,17.1,-9999,16.3,77,933,1022.1,0,0,-9999,1,-9999,-9999,-9999,Success: (200) OK
2019-06-14T18:00:00Z,83781,-9999,27,17.7,-9999,-9999,37,930.6,1018.9,0,0,-9999,6,-9999,-9999,-9999,Success: (200) OK
2019-06-15T00:00:00Z,83781,-9999,22.5,17.3,27.2,-9999,58,931.7,1020.5,0,0,-9999,2,4.7,59.75,0.933333,Success: (200) OK
2019-06-15T12:00:00Z,83781,0,20,16.6,-9999,16,70,933,1020.9,18,0.8,-9999,0,-9999,-9999,-9999,Success: (200) OK
2019-06-15T18:00:00Z,83781,-9999,26.5,17.5,-9999,-9999,39,930.4,1018.7,18,2,-9999,6,-9999,-9999,-9999,Success: (200) OK
2019-06-16T00:00:00Z,83781,-9999,21.4,17.3,26.4,-9999,65,931.2,1020.2,0,0,-9999,2,4.6,63.5,1.933333,Success: (200) OK
2019-06-16T12:00:00Z,83781,0,21.1,17.6,-9999,17.7,69,932.6,1021.4,9,2.5,-9999,8,-9999,-9999,-9999,Success: (200) OK
2019-06-16T18:00:00Z,83781,-9999,26,18,-9999,-9999,43,930.7,1016.8,14,2.5,-9999,7,-9999,-9999,-9999,Success: (200) OK
2019-06-17T00:00:00Z,83781,-9999,20.8,17.4,23.5,-9999,71,932.7,1021.7,9,0.8,-9999,10,4,72,2.066667,Success: (200) OK
2019-06-17T12:00:00Z,83781,0,18.4,15.8,-9999,15.5,75,933.2,1022.4,14,1.6,-9999,8,-9999,-9999,-9999,Success: (200) OK
2019-06-17T18:00:00Z,83781,-9999,22.8,16.7,-9999,-9999,51,930.9,1019.5,14,2.1,-9999,10,-9999,-9999,-9999,Success: (200) OK
2019-06-18T00:00:00Z,83781,-9999,18.2,16.3,24.1,-9999,81,930.9,1020.3,18,2.5,-9999,4,2.3,70,1.833333,Success: (200) OK
2019-06-18T12:00:00Z,83781,0,18.2,15.7,-9999,14.8,76,932,1021.5,9,1.6,-9999,6,-9999,-9999,-9999,Success: (200) OK
2019-06-18T18:00:00Z,83781,-9999,23.3,16.3,-9999,-9999,46,928.5,1011.4,32,2.3,-9999,8,-9999,-9999,-9999,Success: (200) OK
2019-06-19T00:00:00Z,83781,-9999,18.9,16.6,25,-9999,79,929.9,1019.1,9,1.6,-9999,5,3,59,1.9,Success: (200) OK
2019-06-19T12:00:00Z,83781,0,17.5,15.6,-9999,15.5,81,930.4,1019.6,14,1.6,-9999,10,-9999,-9999,-9999,Success: (200) OK
2019-06-19T18:00:00Z,83781,-9999,24.4,16.3,-9999,-9999,41,929.2,1017.8,14,4.1,-9999,6,-9999,-9999,-9999,Success: (200) OK
2019-06-20T00:00:00Z,83781,-9999,20.8,15.7,23.4,-9999,57,929.3,1018.3,0,0,-9999,0,9,78,2.7,Success: (200) OK
2019-06-20T12:00:00Z,83781,0,18.6,15.9,-9999,15.2,75,932,1021.3,0,0,-9999,2,-9999,-9999,-9999,Success: (200) OK
2019-06-20T18:00:00Z,83781,-9999,22.6,18.3,-9999,-9999,63,931.7,1020.7,14,4.1,-9999,8,-9999,-9999,-9999,Success: (200) OK
2019-06-21T00:00:00Z,83781,-9999,17.9,16.6,22.5,-9999,87,934.1,1023.9,27,4,-9999,10,2.8,77,2.6,Success: (200) OK
2019-06-21T12:00:00Z,83781,0,17.2,15.4,-9999,16.1,82,935.7,1025.8,5,2.5,-9999,10,-9999,-9999,-9999,Success: (200) OK
2019-06-21T18:00:00Z,83781,-9999,22,17.1,-9999,-9999,60,933.5,1023.7,5,2,-9999,7,-9999,-9999,-9999,Success: (200) OK
2019-06-22T00:00:00Z,83781,-9999,17.4,15.8,25,-9999,83,935.7,1025.8,14,3.3,-9999,10,2.8,67.5,2.466667,Success: (200) OK
2019-06-22T12:00:00Z,83781,0,16.5,14.7,-9999,15.5,81,936.2,1026.4,14,5.8,-9999,10,-9999,-9999,-9999,Success: (200) OK
2019-06-22T18:00:00Z,83781,-9999,25,17.7,-9999,-9999,47,934.1,1023.4,14,1.6,-9999,8,-9999,-9999,-9999,Success: (200) OK
2019-06-23T00:00:00Z,83781,-9999,20,16.8,24.8,-9999,71,933.8,1022.6,0,0,-9999,10,5.8,61.5,2.433333,Success: (200) OK
2019-06-23T12:00:00Z,83781,0,15.8,14.7,-9999,14.5,88,934,1022.5,14,1.6,-9999,0,-9999,-9999,-9999,Success: (200) OK
2019-06-23T18:00:00Z,83781,-9999,24.2,16.7,-9999,-9999,44,929.6,1018.4,18,4.1,-9999,1,-9999,-9999,-9999,Success: (200) OK
2019-06-24T00:00:00Z,83781,-9999,20.1,15.3,25,-9999,57,929.5,1018.8,14,1.6,-9999,0,6,53.25,2.866667,Success: (200) OK
2019-06-24T12:00:00Z,83781,0,19.4,15.1,-9999,15.5,65,929.2,1018.5,5,2.5,-9999,0,-9999,-9999,-9999,Success: (200) OK
2019-06-24T18:00:00Z,83781,-9999,25,16.5,-9999,-9999,40,925.7,1013.3,32,4.1,-9999,0,-9999,-9999,-9999,Success: (200) OK
2019-06-25T00:00:00Z,83781,-9999,21,15.4,26.4,-9999,54,928.7,1017.4,32,2,-9999,0,7.5,53.5,3.633333,Success: (200) OK
2019-06-25T12:00:00Z,83781,0,20.8,15.8,-9999,17.5,58,925.2,1013.6,36,3.3,-9999,0,-9999,-9999,-9999,Success: (200) OK
2019-06-25T18:00:00Z,83781,-9999,26.4,17,-9999,-9999,36,923.1,1010.9,36,6,-9999,3,-9999,-9999,-9999,Success: (200) OK
2019-06-26T00:00:00Z,83781,-9999,21.6,16.6,27.4,-9999,60,925.2,1013.6,36,1.6,-9999,3,4.1,65.75,1.9,Success: (200) OK
2019-06-26T12:00:00Z,83781,0,21.4,17.1,-9999,17.6,63,925.7,1013.9,0,0,-9999,0,-9999,-9999,-9999,Success: (200) OK
2019-06-26T18:00:00Z,83781,-9999,26.8,17.3,-9999,-9999,36,924.1,1011.9,32,4.1,-9999,7,-9999,-9999,-9999,Success: (200) OK
2019-06-27T00:00:00Z,83781,-9999,20,18,25.6,-9999,82,926.9,1015.4,32,1.6,-9999,10,5.7,74.25,2.666667,Success: (200) OK
2019-06-27T12:00:00Z,83781,0,19.7,18,-9999,18.3,85,930.3,1019.8,36,1.6,-9999,8,-9999,-9999,-9999,Success: (200) OK
2019-06-27T18:00:00Z,83781,-9999,25.4,17.6,-9999,-9999,44,928.1,1017,27,3.3,-9999,4,-9999,-9999,-9999,Success: (200) OK
2019-06-28T00:00:00Z,83781,-9999,18.7,17.2,28,-9999,84,930.7,1019.8,14,3.1,-9999,10,3.3,67.75,2.2,Success: (200) OK
2019-06-28T12:00:00Z,83781,0,20.7,17.9,-9999,18.1,75,931.5,1020.5,5,2.5,-9999,4,-9999,-9999,-9999,Success: (200) OK
2019-06-28T18:00:00Z,83781,-9999,27.6,19.8,-9999,-9999,46,928.1,1016,36,2.5,-9999,4,-9999,-9999,-9999,Success: (200) OK
2019-06-29T00:00:00Z,83781,-9999,21.8,19,27.2,-9999,75,929.2,1018.9,14,1.6,-9999,0,3,58.5,1.9,Success: (200) OK
2019-06-29T12:00:00Z,83781,0,21,17.4,-9999,17,68,929.8,1018.6,5,1.6,-9999,0,-9999,-9999,-9999,Success: (200) OK
2019-06-29T18:00:00Z,83781,-9999,27,18.6,-9999,-9999,42,926.5,1014.6,32,2.5,-9999,0,-9999,-9999,-9999,Success: (200) OK
2019-06-30T00:00:00Z,83781,-9999,21.3,16.9,26.8,-9999,62,927.8,1016.5,36,1.6,-9999,0,5.7,57,3,Success: (200) OK
2019-06-30T12:00:00Z,83781,0,21.7,17.2,-9999,18.1,63,929.3,1017.8,32,2.3,-9999,0,-9999,-9999,-9999,Success: (200) OK
2019-06-30T18:00:00Z,83781,-9999,26.5,18.7,-9999,-9999,45,926.6,1014.5,32,4.1,-9999,1,-9999,-9999,-9999,Success: (200) OK
2019-07-01T00:00:00Z,83781,-9999,21.8,17.1,26.2,-9999,60,927.3,1015.5,32,2.6,-9999,0,6.3,53.25,2.766667,Success: (200) OK
2019-07-01T12:00:00Z,83781,0,20.7,16.3,-9999,18.6,62,928.2,1016.7,14,3.3,-9999,8,-9999,-9999,-9999,Success: (200) OK
2019-07-01T18:00:00Z,83781,-9999,25.4,17.3,-9999,-9999,43,925.1,1013.3,14,5,-9999,4,-9999,-9999,-9999,Success: (200) OK
2019-07-02T00:00:00Z,83781,-9999,23.4,17.5,25.3,-9999,54,925.8,1013.9,0,0,-9999,0,6,54.25,2.733333,Success: (200) OK
2019-07-02T12:00:00Z,83781,0,21.3,16.2,-9999,16.6,56,923.5,1011.5,36,1.6,-9999,5,-9999,-9999,-9999,Success: (200) OK
2019-07-02T18:00:00Z,83781,-9999,25.2,17,-9999,-9999,41,919.6,1007.2,32,5,-9999,8,-9999,-9999,-9999,Success: (200) OK
2019-07-03T00:00:00Z,83781,-9999,21.1,16.4,26.7,-9999,60,920.6,1008.6,27,1.6,-9999,0,7.2,61.25,3.233333,Success: (200) OK
2019-07-03T12:00:00Z,83781,0,21,15.6,-9999,18.9,54,921.8,1009.9,14,1.6,-9999,10,-9999,-9999,-9999,Success: (200) OK
2019-07-03T18:00:00Z,83781,-9999,26.4,17.3,-9999,-9999,37,919,1006.5,32,5.8,-9999,10,-9999,-9999,-9999,Success: (200) OK
2019-07-04T00:00:00Z,83781,-9999,24,21.1,24,-9999,77,920.2,1007.8,32,2.3,-9999,10,6.8,96,1.8,Success: (200) OK
2019-07-04T12:00:00Z,83781,22.4,16.4,15.6,-9999,14.9,92,923.9,1012.4,9,2,-9999,10,-9999,-9999,-9999,Success: (200) OK
2019-07-04T18:00:00Z,83781,-9999,16.8,16.6,-9999,-9999,98,922.6,1011.4,18,1.8,-9999,10,-9999,-9999,-9999,Success: (200) OK
2019-07-05T00:00:00Z,83781,-9999,15.4,15.1,15.5,-9999,97,924,1013.3,14,1.6,-9999,10,0.2,84.25,1.666667,Success: (200) OK
2019-07-05T12:00:00Z,83781,123.6,13.8,13.2,-9999,10.9,94,926.3,1015.8,18,2,-9999,10,-9999,-9999,-9999,Success: (200) OK
2019-07-05T18:00:00Z,83781,-9999,13.3,11.7,-9999,-9999,83,926.3,1015.9,18,1.5,-9999,10,-9999,-9999,-9999,Success: (200) OK
2019-07-06T00:00:00Z,83781,-9999,11.6,9.9,14.7,-9999,80,928.4,1018.5,27,1.5,-9999,10,1.6,66.75,2.366667,Success: (200) OK
2019-07-06T12:00:00Z,83781,0.1,9.1,6,-9999,7.4,60,931.4,1022.4,18,2.5,-9999,3,-9999,-9999,-9999,Success: (200) OK
2019-07-06T18:00:00Z,83781,-9999,14,8.9,-9999,-9999,47,930.7,1021.4,18,2.3,-9999,7,-9999,-9999,-9999,Success: (200) OK
2019-07-07T00:00:00Z,83781,-9999,8.4,6.9,14.3,-9999,80,932.4,1023.6,18,2.3,-9999,0,2.2,77.25,3.2,Success: (200) OK
2019-07-07T12:00:00Z,83781,0,9.5,7.7,-9999,6.5,79,935.1,1026.8,9,3,-9999,8,-9999,-9999,-9999,Success: (200) OK
2019-07-07T18:00:00Z,83781,-9999,14.2,9.6,-9999,-9999,54,933.2,1024.3,14,3.3,-9999,4,-9999,-9999,-9999,Success: (200) OK
2019-07-08T00:00:00Z,83781,-9999,10,8.9,18.9,-9999,88,935,1026.5,23,3.3,-9999,1,2,76,2.033333,Success: (200) OK
2019-07-08T12:00:00Z,83781,0,10.5,8.5,-9999,6.9,75,925.1,1026.6,5,3.3,-9999,0,-9999,-9999,-9999,Success: (200) OK
2019-07-08T18:00:00Z,83781,-9999,18.5,13,-9999,-9999,51,932.6,1023,0,0,-9999,0,-9999,-9999,-9999,Success: (200) OK
2019-07-09T00:00:00Z,83781,-9999,12.3,11.4,20.2,-9999,89,933.5,1024.5,9,2.8,-9999,10,2.5,78,2.833333,Success: (200) OK
2019-07-09T12:00:00Z,83781,0,12.3,10.8,-9999,10.2,83,935,1026.1,14,3.6,-9999,8,-9999,-9999,-9999,Success: (200) OK
2019-07-09T18:00:00Z,83781,-9999,19.8,13.7,-9999,-9999,47,932.8,1023,9,3.3,-9999,1,-9999,-9999,-9999,Success: (200) OK
2019-07-10T00:00:00Z,83781,-9999,13.9,13.1,23.1,-9999,91,933.6,1024.4,9,1.6,-9999,10,2,64.75,2.366667,Success: (200) OK
2019-07-10T12:00:00Z,83781,0,11,10.4,-9999,10,92,933.1,1023.9,32,2.1,-9999,10,-9999,-9999,-9999,Success: (200) OK
2019-07-10T18:00:00Z,83781,-9999,22.8,15.4,-9999,-9999,43,929.1,1018.6,27,2.5,-9999,3,-9999,-9999,-9999,Success: (200) OK
2019-07-11T00:00:00Z,83781,-9999,16.1,12.3,23.5,-9999,62,930.7,1021.3,18,2.5,-9999,0,4.1,58.75,1.9,Success: (200) OK
2019-07-11T12:00:00Z,83781,0,13,10.8,-9999,10.2,76,930,1019.9,5,1.6,-9999,0,-9999,-9999,-9999,Success: (200) OK
2019-07-11T18:00:00Z,83781,-9999,23.1,14.8,-9999,-9999,37,928,1017.2,5,3.3,-9999,0,-9999,-9999,-9999,Success: (200) OK
2019-07-12T00:00:00Z,83781,-9999,17.4,13.3,24.4,-9999,61,928.7,1017.5,14,0.8,-9999,0,5.2,54.25,1.733333,Success: (200) OK
2019-07-12T12:00:00Z,83781,0,14.8,11.5,-9999,10.2,66,929.5,1019,0,0,-9999,0,-9999,-9999,-9999,Success: (200) OK
2019-07-12T18:00:00Z,83781,-9999,24,15.7,-9999,-9999,39,926.5,1015.5,14,3.6,-9999,4,-9999,-9999,-9999,Success: (200) OK
2019-07-13T00:00:00Z,83781,-9999,19.2,14.1,25.2,-9999,56,927.9,1017.2,14,1.6,-9999,0,5.3,53,1.9,Success: (200) OK
2019-07-13T12:00:00Z,83781,0,15.8,13.3,-9999,12.7,75,928.7,1017.9,0,0,-9999,0,-9999,-9999,-9999,Success: (200) OK
2019-07-13T18:00:00Z,83781,-9999,25,15.5,-9999,-9999,33,926.7,1015.3,14,4.1,-9999,4,-9999,-9999,-9999,Success: (200) OK
2019-07-14T00:00:00Z,83781,-9999,20.2,14.7,26.5,-9999,52,926.6,1015.3,14,1.6,-9999,0,7.5,52.25,1.366667,Success: (200) OK
2019-07-14T12:00:00Z,83781,0,16.4,13.5,-9999,13.7,72,927.4,1016.9,0,0,-9999,2,-9999,-9999,-9999,Success: (200) OK
2019-07-14T18:00:00Z,83781,-9999,26.4,16.5,-9999,-9999,33,924.8,1013.4,14,4.1,-9999,3,-9999,-9999,-9999,Success: (200) OK
2019-07-15T00:00:00Z,83781,-9999,21,15.1,24.4,-9999,52,925.9,1014.6,0,0,-9999,0,5.7,67.5,2,Success: (200) OK
2019-07-15T12:00:00Z,83781,0,18.4,15.8,-9999,14.8,75,927,1015.8,14,3,-9999,0,-9999,-9999,-9999,Success: (200) OK
2019-07-15T18:00:00Z,83781,-9999,23.4,17.9,-9999,-9999,57,927.9,1016.1,14,3,-9999,6,-9999,-9999,-9999,Success: (200) OK
2019-07-16T00:00:00Z,83781,-9999,20.2,16.8,20.2,-9999,69,926.4,1015.1,0,0,-9999,10,2.8,76.75,1.933333,Success: (200) OK
2019-07-16T12:00:00Z,83781,7.8,16.2,14.5,-9999,14.4,82,927.2,1016.4,14,2.5,-9999,10,-9999,-9999,-9999,Success: (200) OK
2019-07-16T18:00:00Z,83781,-9999,13,11.5,-9999,-9999,83,929.2,1018.9,14,3.3,-9999,10,-9999,-9999,-9999,Success: (200) OK
2019-07-17T00:00:00Z,83781,-9999,11,8.6,17,-9999,71,931.3,1021.7,0,0,-9999,8,2,73,3.733333,Success: (200) OK
2019-07-17T12:00:00Z,83781,0,11.2,8.6,-9999,9.2,70,933.5,1024.7,14,2.5,-9999,10,-9999,-9999,-9999,Success: (200) OK
2019-07-17T18:00:00Z,83781,-9999,17,12.5,-9999,-9999,58,932.8,1023.6,14,4.1,-9999,8,-9999,-9999,-9999,Success: (200) OK
2019-07-18T00:00:00Z,83781,-9999,13,11.3,19.9,-9999,82,934.1,1025.1,14,4.6,-9999,5,3,74.25,3.133333,Success: (200) OK
2019-07-18T12:00:00Z,83781,0,12.8,10.9,-9999,10.4,78,934.4,1024.5,9,2.8,-9999,4,-9999,-9999,-9999,Success: (200) OK
2019-07-18T18:00:00Z,83781,-9999,19.7,14,-9999,-9999,51,933,1022.5,9,3,-9999,5,-9999,-9999,-9999,Success: (200) OK
2019-07-19T00:00:00Z,83781,-9999,14.3,12.9,21.5,-9999,84,934.2,1024.9,9,3.6,-9999,5,3,74.5,2.833333,Success: (200) OK
2019-07-19T12:00:00Z,83781,0,13,11.4,-9999,11.4,82,934.5,1025,5,4.1,-9999,9,-9999,-9999,-9999,Success: (200) OK
2019-07-19T18:00:00Z,83781,-9999,21,15.1,-9999,-9999,50,930.8,1019.8,27,3.3,-9999,7,-9999,-9999,-9999,Success: (200) OK
2019-07-20T00:00:00Z,83781,-9999,15.3,13.6,23,-9999,83,932.9,1023.3,18,1.1,-9999,0,2.7,64.25,1.9,Success: (200) OK
2019-07-20T12:00:00Z,83781,0,14.3,12.6,-9999,12.2,81,933.4,1023.5,9,2.5,-9999,8,-9999,-9999,-9999,Success: (200) OK
2019-07-20T18:00:00Z,83781,-9999,22.5,14.8,-9999,-9999,40,930.9,1020.2,9,1.6,-9999,8,-9999,-9999,-9999,Success: (200) OK
2019-07-21T00:00:00Z,83781,-9999,17.2,13.9,24.4,-9999,68,931,1020.7,9,1.6,-9999,0,3.7,64.5,2.733333,Success: (200) OK
2019-07-21T12:00:00Z,83781,0,15.2,12.5,-9999,11.8,72,931.8,1021.8,9,1.6,-9999,8,-9999,-9999,-9999,Success: (200) OK
2019-07-21T18:00:00Z,83781,-9999,24,16.1,-9999,-9999,42,929.1,1018.3,32,3.3,-9999,8,-9999,-9999,-9999,Success: (200) OK
2019-07-22T00:00:00Z,83781,-9999,18.6,15.5,26,-9999,72,929.5,1019.2,32,3.3,-9999,0,4.1,55.5,2.2,Success: (200) OK
2019-07-22T12:00:00Z,83781,0,18.6,14.3,-9999,14.7,61,931.5,1020.9,14,3.3,-9999,7,-9999,-9999,-9999,Success: (200) OK
2019-07-22T18:00:00Z,83781,-9999,26,17.3,-9999,-9999,39,929.4,1018.2,32,3.3,-9999,7,-9999,-9999,-9999,Success: (200) OK
2019-07-23T00:00:00Z,83781,-9999,21.2,16.6,26.3,-9999,61,930.5,1019.4,0,0,-9999,5,5,58.25,0.9,Success: (200) OK
2019-07-23T12:00:00Z,83781,0,20.6,15.9,-9999,14.4,59,932.5,1021.4,9,1.1,-9999,7,-9999,-9999,-9999,Success: (200) OK
2019-07-23T18:00:00Z,83781,-9999,26,17.1,-9999,-9999,38,930.2,1018.7,27,1.6,-9999,0,-9999,-9999,-9999,Success: (200) OK
2019-07-24T00:00:00Z,83781,-9999,21,17.3,27.1,-9999,68,930.2,1018.9,0,0,-9999,0,5,58,1.066667,Success: (200) OK
2019-07-24T12:00:00Z,83781,0,18,15.5,-9999,14.5,75,931.5,1020.7,0,0,-9999,0,-9999,-9999,-9999,Success: (200) OK
2019-07-24T18:00:00Z,83781,-9999,26.3,17.3,-9999,-9999,37,928.5,1017,23,1.6,-9999,4,-9999,-9999,-9999,Success: (200) OK
2019-07-25T00:00:00Z,83781,-9999,20.5,16,26.1,-9999,60,930.8,1020.1,9,1.6,-9999,0,5.5,70.25,2.6,Success: (200) OK
2019-07-25T12:00:00Z,83781,0,19.6,15.6,-9999,15.2,66,932.1,1021.1,14,2,-9999,7,-9999,-9999,-9999,Success: (200) OK
2019-07-25T18:00:00Z,83781,-9999,25.2,17.6,-9999,-9999,43,929.5,1017.4,14,3.3,-9999,8,-9999,-9999,-9999,Success: (200) OK
2019-07-26T00:00:00Z,83781,-9999,17.4,16,27.5,-9999,86,932.3,1021.6,14,2.5,-9999,10,2.7,60.25,2.3,Success: (200) OK
2019-07-26T12:00:00Z,83781,0,18,16,-9999,15.9,80,934.1,1024,14,1.6,-9999,10,-9999,-9999,-9999,Success: (200) OK
2019-07-26T18:00:00Z,83781,-9999,27.1,17.8,-9999,-9999,37,931,1019.1,14,2.8,-9999,6,-9999,-9999,-9999,Success: (200) OK
2019-07-27T00:00:00Z,83781,-9999,21.2,16.7,26.8,-9999,62,932.3,1021.4,14,2.5,-9999,2,4,70.25,2.166667,Success: (200) OK
2019-07-27T12:00:00Z,83781,0,18,16.3,-9999,14.7,82,933.3,1022.5,5,2,-9999,4,-9999,-9999,-9999,Success: (200) OK
2019-07-27T18:00:00Z,83781,-9999,26.5,16.7,-9999,-9999,33,930.4,1019,18,2,-9999,8,-9999,-9999,-9999,Success: (200) OK
2019-07-28T00:00:00Z,83781,-9999,17.5,15.8,24,-9999,83,933.6,1022.1,18,2.5,-9999,10,4.4,71.5,2.2,Success: (200) OK
2019-07-28T12:00:00Z,83781,0,17.7,15.6,-9999,16.2,78,934.3,1024.8,18,1.6,-9999,10,-9999,-9999,-9999,Success: (200) OK
2019-07-28T18:00:00Z,83781,-9999,24,17.3,-9999,-9999,50,932.3,1020.2,18,2.5,-9999,6,-9999,-9999,-9999,Success: (200) OK
2019-07-29T00:00:00Z,83781,-9999,17.4,15.3,23.8,-9999,79,932.2,1020.7,14,2.5,-9999,10,3.2,76.25,3.266667,Success: (200) OK
2019-07-29T12:00:00Z,83781,0,16.1,14.3,-9999,14.9,82,932.9,1022.7,14,4.6,-9999,7,-9999,-9999,-9999,Success: (200) OK
2019-07-29T18:00:00Z,83781,-9999,23.5,17.3,-9999,-9999,53,929.3,1018.1,14,3.6,-9999,3,-9999,-9999,-9999,Success: (200) OK
2019-07-30T00:00:00Z,83781,-9999,17.8,16.3,26.4,-9999,85,930.3,1019.7,14,1.6,-9999,10,2.4,69.75,2.4,Success: (200) OK
2019-07-30T12:00:00Z,83781,0,15,13.9,-9999,13.4,88,929.3,1018.9,9,2.1,-9999,10,-9999,-9999,-9999,Success: (200) OK
2019-07-30T18:00:00Z,83781,-9999,25.3,16.5,-9999,-9999,37,926.3,1015.2,32,2.8,-9999,8,-9999,-9999,-9999,Success: (200) OK
2019-07-31T00:00:00Z,83781,-9999,16.6,14.3,25.4,-9999,77,928.9,1018.6,9,2.3,-9999,10,4.6,60.25,0.433333,Success: (200) OK
2019-07-31T12:00:00Z,83781,2.1,16.5,13.9,-9999,12.5,73,929.6,1019,0,0,-9999,0,-9999,-9999,-9999,Success: (200) OK
2019-07-31T18:00:00Z,83781,-9999,25,15.7,-9999,-9999,34,927,1015.6,0,0,-9999,2,-9999,-9999,-9999,Success: (200) OK
2019-08-01T00:00:00Z,83781,-9999,19,15.5,27.5,-9999,67,928.1,1017.4,14,1.3,-9999,0,4,56.25,2.3,Success: (200) OK
2019-08-01T12:00:00Z,83781,0,16.2,14.2,-9999,12.4,80,927.3,1016.6,9,1.6,-9999,2,-9999,-9999,-9999,Success: (200) OK
2019-08-01T18:00:00Z,83781,-9999,27,16.3,-9999,-9999,31,924.8,1013.1,32,5.3,-9999,0,-9999,-9999,-9999,Success: (200) OK
2019-08-02T00:00:00Z,83781,-9999,20.9,15.6,29.1,-9999,57,926,1014.8,0,0,-9999,0,6.5,67.75,3.733333,Success: (200) OK
2019-08-02T12:00:00Z,83781,0,20.5,16.3,-9999,13.4,64,925.9,1014.5,9,1.6,-9999,5,-9999,-9999,-9999,Success: (200) OK
2019-08-02T18:00:00Z,83781,-9999,28.8,18.3,-9999,-9999,33,924,1011.9,32,4.6,-9999,7,-9999,-9999,-9999,Success: (200) OK
2019-08-03T00:00:00Z,83781,-9999,15.1,13.8,15.1,-9999,87,929.5,1018.9,23,5,-9999,10,5,90.75,2.433333,Success: (200) OK
2019-08-03T12:00:00Z,83781,2.4,10.9,10.3,-9999,10.4,93,932,1022.4,18,4.1,-9999,10,-9999,-9999,-9999,Success: (200) OK
2019-08-03T18:00:00Z,83781,-9999,12.8,11.2,-9999,-9999,82,931,1021.3,23,1.6,-9999,10,-9999,-9999,-9999,Success: (200) OK
2019-08-04T00:00:00Z,83781,-9999,11.4,10.8,12.3,-9999,94,932.2,1023,18,1.6,-9999,10,1.5,80.25,5.2,Success: (200) OK
2019-08-04T12:00:00Z,83781,0.2,10.8,9,-9999,9.6,79,936.6,1028.1,18,5.5,-9999,10,-9999,-9999,-9999,Success: (200) OK
2019-08-04T18:00:00Z,83781,-9999,12.2,9.7,-9999,-9999,74,937,1028.6,14,5.8,-9999,10,-9999,-9999,-9999,Success: (200) OK
2019-08-05T00:00:00Z,83781,-9999,11,9.7,18.6,-9999,84,938.1,1029.7,18,4.3,-9999,10,1.3,78.25,3.566667,Success: (200) OK
2019-08-05T12:00:00Z,83781,0,13.2,11.3,-9999,10.5,80,938,1029.4,18,3.6,-9999,7,-9999,-9999,-9999,Success: (200) OK
2019-08-05T18:00:00Z,83781,-9999,18.3,14,-9999,-9999,67,936.7,1027.3,18,4.1,-9999,10,-9999,-9999,-9999,Success: (200) OK
2019-08-06T00:00:00Z,83781,-9999,15,13.3,26,-9999,83,937,1027.9,14,3,-9999,10,2.7,77.25,2.3,Success: (200) OK
2019-08-06T12:00:00Z,83781,0.6,13.8,13.2,-9999,12.6,94,937.1,1027.9,9,4.5,-9999,10,-9999,-9999,-9999,Success: (200) OK
2019-08-06T18:00:00Z,83781,-9999,25.7,18.5,-9999,-9999,49,933.2,1022.5,27,1.6,-9999,6,-9999,-9999,-9999,Success: (200) OK
2019-08-07T00:00:00Z,83781,-9999,18.6,16.7,26.2,-9999,83,935.7,1026.1,23,0.8,-9999,8,3.2,66,1.9,Success: (200) OK
2019-08-07T12:00:00Z,83781,0,18.4,16.3,-9999,14.2,79,936.4,1026.1,9,1.6,-9999,2,-9999,-9999,-9999,Success: (200) OK
2019-08-07T18:00:00Z,83781,-9999,26,18.3,-9999,-9999,45,933.1,1021.8,14,2.5,-9999,8,-9999,-9999,-9999,Success: (200) OK
2019-08-08T00:00:00Z,83781,-9999,21.6,18.1,27.8,-9999,70,933.1,1022.2,14,1.6,8.4,2,3.3,68.5,0.266667,Success: (200) OK
2019-08-08T12:00:00Z,83781,0,18.2,16.3,-9999,15.2,81,934.8,1024.1,9,0.8,-9999,0,-9999,-9999,-9999,Success: (200) OK
2019-08-08T18:00:00Z,83781,-9999,26,18.3,-9999,-9999,45,931.1,1019.7,0,0,-9999,5,-9999,-9999,-9999,Success: (200) OK
2019-08-09T00:00:00Z,83781,-9999,21.1,18.1,29,-9999,74,932.3,1021.4,0,0,9.7,0,6,55,1.966667,Success: (200) OK
2019-08-09T12:00:00Z,83781,0,20,16.7,-9999,15.5,71,932.1,1022,27,1.6,-9999,4,-9999,-9999,-9999,Success: (200) OK
2019-08-09T18:00:00Z,83781,-9999,28.1,18.8,-9999,-9999,39,928.6,1027.7,27,3,-9999,5,-9999,-9999,-9999,Success: (200) OK
2019-08-10T00:00:00Z,83781,-9999,23.2,17.3,29.8,-9999,55,929.7,1013.9,27,1.3,8.8,0,5.5,46,1.9,Success: (200) OK
2019-08-10T12:00:00Z,83781,0,20.8,16.9,-9999,16.5,67,929.9,1018.5,27,0.8,-9999,4,-9999,-9999,-9999,Success: (200) OK
2019-08-10T18:00:00Z,83781,-9999,28.9,17.5,-9999,-9999,29,927.7,-9999,33,3.3,-9999,0,-9999,-9999,-9999,Success: (200) OK
2019-08-11T00:00:00Z,83781,-9999,25,17.1,25,-9999,44,929.2,1017.4,14,1.6,7.3,0,7.6,78.5,2.766667,Success: (200) OK
2019-08-11T12:00:00Z,83781,0,19.5,17.3,-9999,16.7,79,932.9,1021.5,14,2.5,-9999,10,-9999,-9999,-9999,Success: (200) OK
2019-08-11T18:00:00Z,83781,-9999,23.5,19.1,-9999,-9999,65,931.1,1019.5,14,2.5,-9999,0,-9999,-9999,-9999,Success: (200) OK
2019-08-12T00:00:00Z,83781,-9999,18.8,17.3,30.2,-9999,85,931.4,1020.2,14,3.3,9.6,10,3.6,52.25,2.1,Success: (200) OK
2019-08-12T12:00:00Z,83781,0,20.4,17.3,-9999,16.7,73,930.1,1019.1,9,3.3,-9999,0,-9999,-9999,-9999,Success: (200) OK
2019-08-12T18:00:00Z,83781,-9999,29.6,18.7,-9999,-9999,32,927.6,1015.4,27,3,-9999,6,-9999,-9999,-9999,Success: (200) OK
2019-08-13T00:00:00Z,83781,-9999,25,18.5,25.4,-9999,52,928.1,1016.1,0,0,2.2,0,5.8,79,3.866667,Success: (200) OK
2019-08-13T12:00:00Z,83781,0,21.8,17.5,-9999,14.1,63,928.9,1017,18,1.6,-9999,3,-9999,-9999,-9999,Success: (200) OK
2019-08-13T18:00:00Z,83781,-9999,16.9,15.2,-9999,-9999,83,931.3,1020.4,18,5,-9999,10,-9999,-9999,-9999,Success: (200) OK
2019-08-14T00:00:00Z,83781,-9999,14.7,13.3,14.9,-9999,85,933.2,1022.8,14,5,0,10,1.6,83.25,4.4,Success: (200) OK
2019-08-14T12:00:00Z,83781,0,12.2,11.4,-9999,10.7,90,936.7,1027.6,14,4.1,-9999,10,-9999,-9999,-9999,Success: (200) OK
2019-08-14T18:00:00Z,83781,-9999,12.1,10.3,-9999,-9999,79,936.6,1027.4,23,5,-9999,10,-9999,-9999,-9999,Success: (200) OK
2019-08-15T00:00:00Z,83781,-9999,11,9.5,21.1,-9999,82,937.9,1029.2,23,4.1,9.7,10,1.7,72,3.8,Success: (200) OK
2019-08-15T12:00:00Z,83781,0,13.9,11.3,-9999,10.4,73,938,1029.1,9,5.3,-9999,6,-9999,-9999,-9999,Success: (200) OK
2019-08-15T18:00:00Z,83781,-9999,20.6,13.6,-9999,-9999,43,934.4,1024.5,5,3.3,-9999,9,-9999,-9999,-9999,Success: (200) OK
2019-08-16T00:00:00Z,83781,-9999,14.2,12.8,25,-9999,86,935.5,1026,18,2.8,8.4,10,2.7,55.25,2.333333,Success: (200) OK
2019-08-16T12:00:00Z,83781,0,13.5,11.8,-9999,11.1,81,935.4,1025.9,32,2.5,-9999,10,-9999,-9999,-9999,Success: (200) OK
2019-08-16T18:00:00Z,83781,-9999,24.2,15.8,-9999,-9999,38,930.7,1019.8,32,2.5,-9999,2,-9999,-9999,-9999,Success: (200) OK
2019-08-17T00:00:00Z,83781,-9999,19.5,13.9,27,-9999,51,931.9,1021.8,23,2,10.1,0,3.6,61.25,2.2,Success: (200) OK
2019-08-17T12:00:00Z,83781,0,17.2,13.5,-9999,12.1,64,930.5,1020.2,14,3.3,-9999,2,-9999,-9999,-9999,Success: (200) OK
2019-08-17T18:00:00Z,83781,-9999,26.5,16.3,-9999,-9999,31,930.6,1020.2,14,3.3,-9999,2,-9999,-9999,-9999,Success: (200) OK
2019-08-18T00:00:00Z,83781,-9999,22.5,19.5,28.6,-9999,75,926.6,1015.1,0,0,9.8,0,6.8,50.25,2.733333,Success: (200) OK
2019-08-18T12:00:00Z,83781,0,21.7,15,-9999,16.2,47,927.4,1015.6,32,1.6,-9999,4,-9999,-9999,-9999,Success: (200) OK
2019-08-18T18:00:00Z,83781,-9999,28.1,17.3,-9999,-9999,30,925.1,1012.7,27,3.3,-9999,7,-9999,-9999,-9999,Success: (200) OK
2019-08-19T00:00:00Z,83781,-9999,20.7,16.3,21,-9999,62,927.3,1015.7,18,3.3,0,7,5.6,87.75,3.866667,Success: (200) OK
2019-08-19T12:00:00Z,83781,0,17.2,15.9,-9999,14.9,87,929.5,1018.5,18,3.3,-9999,10,-9999,-9999,-9999,Success: (200) OK
2019-08-19T18:00:00Z,83781,-9999,16.4,14.8,-9999,-9999,84,928.7,1018,18,5,-9999,10,-9999,-9999,-9999,Success: (200) OK
2019-08-20T00:00:00Z,83781,-9999,15.2,14.3,16.6,-9999,90,929.2,1018.7,14,3.3,0,10,1.6,83.5,3.3,Success: (200) OK
2019-08-20T12:00:00Z,83781,0,15.1,14.2,-9999,14,90,931.1,1021,18,2.5,-9999,10,-9999,-9999,-9999,Success: (200) OK
2019-08-20T18:00:00Z,83781,-9999,16.6,13.6,-9999,-9999,70,930.6,1020.4,18,3.3,-9999,10,-9999,-9999,-9999,Success: (200) OK
2019-08-21T00:00:00Z,83781,-9999,15.2,14,19.8,-9999,87,933.4,1023.5,18,4.1,1.1,10,1.2,78.5,2.833333,Success: (200) OK
2019-08-21T12:00:00Z,83781,0,15.5,14.3,-9999,14.2,87,932.7,1022.6,14,3,-9999,10,-9999,-9999,-9999,Success: (200) OK
2019-08-21T18:00:00Z,83781,-9999,19.4,15.6,-9999,-9999,65,930.5,1020,18,3,-9999,10,-9999,-9999,-9999,Success: (200) OK
2019-08-22T00:00:00Z,83781,-9999,15.5,13.7,19.3,-9999,81,932.1,1022,18,2.5,5,10,2.2,77.75,3.866667,Success: (200) OK
2019-08-22T12:00:00Z,83781,0,15.7,13.3,-9999,13.6,75,933.6,1023.6,14,3.3,-9999,10,-9999,-9999,-9999,Success: (200) OK
2019-08-22T18:00:00Z,83781,-9999,17.2,14.6,-9999,-9999,74,931.2,1020.9,18,5,-9999,10,-9999,-9999,-9999,Success: (200) OK
2019-08-23T00:00:00Z,83781,-9999,14.7,12.9,22.3,-9999,81,933.3,1023.4,14,3.3,5.2,10,2.3,74.5,3.033333,Success: (200) OK
2019-08-23T12:00:00Z,83781,0,14.4,13.1,-9999,13.3,86,931.6,1021.6,23,2.5,-9999,10,-9999,-9999,-9999,Success: (200) OK
2019-08-23T18:00:00Z,83781,-9999,21.6,15.7,-9999,-9999,52,927.8,1016.9,23,3.3,-9999,7,-9999,-9999,-9999,Success: (200) OK
2019-08-24T00:00:00Z,83781,-9999,15.3,13.3,19.1,-9999,80,925.9,1020.8,18,3.3,2.2,10,3.2,79.75,3.3,Success: (200) OK
2019-08-24T12:00:00Z,83781,0.1,13.9,13.3,-9999,12.9,93,933.3,1023.5,27,2.3,-9999,10,-9999,-9999,-9999,Success: (200) OK
2019-08-24T18:00:00Z,83781,-9999,18.1,14.1,-9999,-9999,62,931.8,1021.8,14,3,-9999,10,-9999,-9999,-9999,Success: (200) OK
2019-08-25T00:00:00Z,83781,-9999,14.3,12.7,21.8,-9999,82,933.9,1024.5,18,4.6,5.5,10,2.5,70.5,4.5,Success: (200) OK
2019-08-25T12:00:00Z,83781,0,15.3,12.7,-9999,12,73,935.3,1025.8,14,5.8,-9999,10,-9999,-9999,-9999,Success: (200) OK
2019-08-25T18:00:00Z,83781,-9999,21,15.2,-9999,-9999,51,932.3,1022.1,18,3.6,-9999,8,-9999,-9999,-9999,Success: (200) OK
2019-08-26T00:00:00Z,83781,-9999,15,13,24.5,-9999,79,934.9,1025.4,14,4.1,9.5,10,3.5,71,3.866667,Success: (200) OK
2019-08-26T12:00:00Z,83781,0,15.2,12.5,-9999,13.2,72,934.2,1024.2,14,6.6,-9999,7,-9999,-9999,-9999,Success: (200) OK
2019-08-26T18:00:00Z,83781,-9999,24,16.4,-9999,-9999,44,930.5,1019.5,14,2.5,-9999,10,-9999,-9999,-9999,Success: (200) OK
2019-08-27T00:00:00Z,83781,-9999,16.3,14.8,25,-9999,84,932.3,1022.1,14,2.5,7.3,10,3.3,76.5,2.5,Success: (200) OK
2019-08-27T12:00:00Z,83781,0,15.3,14,-9999,13.8,87,933.5,1023.4,5,2.1,-9999,10,-9999,-9999,-9999,Success: (200) OK
2019-08-27T18:00:00Z,83781,-9999,24.5,17.6,-9999,-9999,49,931.2,1020.2,14,2.1,-9999,8,-9999,-9999,-9999,Success: (200) OK
2019-08-28T00:00:00Z,83781,-9999,17.2,15.7,23.2,-9999,85,933.5,1023.4,23,3.3,3.4,10,3.5,76,3.033333,Success: (200) OK
2019-08-28T12:00:00Z,83781,0,16.5,14.9,-9999,14.9,83,933.2,1023.1,14,2.5,-9999,10,-9999,-9999,-9999,Success: (200) OK
2019-08-28T18:00:00Z,83781,-9999,22.8,16.7,-9999,-9999,51,930.7,1019.9,14,3.6,-9999,8,-9999,-9999,-9999,Success: (200) OK
2019-08-29T00:00:00Z,83781,-9999,17.2,15.7,26.9,-9999,85,931.1,1014.8,18,3,8.6,6,2.7,69,1.766667,Success: (200) OK
2019-08-29T12:00:00Z,83781,0,17.2,14.2,-9999,13.4,71,929.7,1019.3,5,2.5,-9999,4,-9999,-9999,-9999,Success: (200) OK
2019-08-29T18:00:00Z,83781,-9999,26,17.6,-9999,-9999,41,927.2,1015.9,23,0.8,-9999,6,-9999,-9999,-9999,Success: (200) OK
2019-08-30T00:00:00Z,83781,-9999,18.1,16.3,29.8,-9999,82,928.9,1018.4,23,2,10.3,8,3.2,49,1.7,Success: (200) OK
2019-08-30T12:00:00Z,83781,0,19.2,15.7,-9999,14.7,68,928.2,1017.3,14,2.1,-9999,0,-9999,-9999,-9999,Success: (200) OK
2019-08-30T18:00:00Z,83781,-9999,28.7,17.3,-9999,-9999,28,924.7,1013.2,14,3,-9999,7,-9999,-9999,-9999,Success: (200) OK
2019-08-31T00:00:00Z,83781,-9999,24.5,12.8,32.4,-9999,50,925.4,1009.2,0,0,9.1,0,6.3,64.25,3.933333,Success: (200) OK
2019-08-31T12:00:00Z,83781,0,22.5,17.1,-9999,17.1,58,926.2,1014.2,18,1.6,-9999,1,-9999,-9999,-9999,Success: (200) OK
2019-08-31T18:00:00Z,83781,-9999,31.7,19.1,-9999,-9999,27,923.7,1014.4,23,3.6,-9999,7,-9999,-9999,-9999,Success: (200) OK
